t,p_1,p_2,mob_A,imm_A,diss_A,seal_A,mob_B,imm_B,diss_B,seal_B,M_C,CO2_total
600,1.10E+05,1.04E+05,1.97E-05,1.70E-07,2.96E-05,2.39E-08,0.00E+00,0.00E+00,6.01E-09,7.14E-11,3.49E-06,1.83E-04
1200,1.10E+05,1.04E+05,8.13E-05,3.39E-07,1.17E-04,3.35E-07,0.00E+00,0.00E+00,6.01E-09,7.14E-11,3.46E-06,3.67E-04
1800,1.10E+05,1.04E+05,1.62E-04,1.70E-07,1.69E-04,8.78E-07,0.00E+00,0.00E+00,6.01E-09,7.14E-11,3.34E-06,5.50E-04
2400,1.10E+05,1.04E+05,2.55E-04,0.00E+00,2.16E-04,1.43E-06,0.00E+00,0.00E+00,6.01E-09,7.14E-11,3.43E-06,7.34E-04
3000,1.10E+05,1.04E+05,3.46E-04,0.00E+00,2.61E-04,1.88E-06,0.00E+00,0.00E+00,6.01E-09,7.14E-11,4.41E-06,9.17E-04
3600,1.10E+05,1.04E+05,4.59E-04,8.50E-07,2.90E-04,2.41E-06,0.00E+00,0.00E+00,6.01E-09,7.14E-11,4.70E-05,1.10E-03
4200,1.10E+05,1.04E+05,5.54E-04,1.70E-07,3.30E-04,2.55E-06,0.00E+00,0.00E+00,6.01E-09,7.14E-11,1.33E-04,1.28E-03
4800,1.10E+05,1.04E+05,6.54E-04,1.19E-06,3.57E-04,2.69E-06,0.00E+00,0.00E+00,6.01E-09,7.14E-11,4.12E-04,1.47E-03
5400,1.10E+05,1.04E+05,7.70E-04,0.00E+00,3.82E-04,2.82E-06,0.00E+00,0.00E+00,6.01E-09,7.14E-11,5.82E-04,1.65E-03
6000,1.10E+05,1.04E+05,8.55E-04,1.19E-06,4.19E-04,2.87E-06,0.00E+00,0.00E+00,6.01E-09,7.14E-11,9.03E-04,1.83E-03
6600,1.10E+05,1.04E+05,9.77E-04,0.00E+00,4.38E-04,3.05E-06,0.00E+00,0.00E+00,6.01E-09,7.14E-11,1.29E-03,2.02E-03
7200,1.10E+05,1.04E+05,1.05E-03,1.70E-07,4.75E-04,3.12E-06,0.00E+00,0.00E+00,6.01E-09,7.14E-11,2.13E-03,2.20E-03
7800,1.10E+05,1.04E+05,1.17E-03,0.00E+00,4.99E-04,3.30E-06,0.00E+00,0.00E+00,6.01E-09,7.14E-11,4.59E-03,2.38E-03
8400,1.10E+05,1.04E+05,1.25E-03,3.41E-07,5.26E-04,3.42E-06,0.00E+00,0.00E+00,6.01E-09,7.14E-11,9.00E-03,2.66E-03
9000,1.10E+05,1.04E+05,1.35E-03,0.00E+00,5.66E-04,3.52E-06,0.00E+00,0.00E+00,6.01E-09,7.14E-11,1.57E-02,3.03E-03
9600,1.10E+05,1.04E+05,1.46E-03,0.00E+00,5.68E-04,3.75E-06,0.00E+00,0.00E+00,6.01E-09,7.14E-11,3.23E-02,3.39E-03
10200,1.10E+05,1.04E+05,1.52E-03,5.12E-07,6.31E-04,3.77E-06,0.00E+00,0.00E+00,6.01E-09,7.14E-11,3.64E-02,3.76E-03
10800,1.10E+05,1.04E+05,1.64E-03,0.00E+00,6.34E-04,3.97E-06,0.00E+00,0.00E+00,6.01E-09,7.14E-11,4.58E-02,4.13E-03
11400,1.10E+05,1.04E+05,1.70E-03,1.71E-07,6.70E-04,4.00E-06,0.00E+00,0.00E+00,6.01E-09,7.14E-11,5.96E-02,4.49E-03
12000,1.10E+05,1.04E+05,1.78E-03,0.00E+00,7.08E-04,4.06E-06,0.00E+00,0.00E+00,6.01E-09,7.14E-11,6.45E-02,4.86E-03
12600,1.10E+05,1.04E+05,1.86E-03,0.00E+00,7.07E-04,4.22E-06,0.00E+00,0.00E+00,6.01E-09,7.14E-11,6.93E-02,5.23E-03
13200,1.10E+05,1.04E+05,1.88E-03,0.00E+00,7.06E-04,4.24E-06,1.88E-05,9.51E-07,4.30E-05,7.14E-11,7.04E-02,5.59E-03
13800,1.10E+05,1.04E+05,1.88E-03,0.00E+00,7.07E-04,4.22E-06,5.23E-05,9.81E-07,1.57E-04,7.14E-11,7.02E-02,5.96E-03
14400,1.10E+05,1.04E+05,1.88E-03,0.00E+00,7.08E-04,4.21E-06,9.36E-05,2.26E-06,2.67E-04,7.15E-11,6.99E-02,6.33E-03
15000,1.10E+05,1.04E+05,1.88E-03,0.00E+00,7.09E-04,4.18E-06,1.35E-04,3.32E-07,3.86E-04,8.44E-11,6.95E-02,6.69E-03
15600,1.10E+05,1.04E+05,1.88E-03,0.00E+00,7.11E-04,4.17E-06,1.56E-04,3.95E-06,5.23E-04,2.18E-10,6.90E-02,7.06E-03
16200,1.10E+05,1.04E+05,1.88E-03,0.00E+00,7.13E-04,4.14E-06,1.76E-04,3.11E-06,6.66E-04,7.81E-08,6.84E-02,7.43E-03
16800,1.10E+05,1.04E+05,1.88E-03,0.00E+00,7.14E-04,4.12E-06,2.00E-04,4.85E-06,7.99E-04,5.98E-07,6.77E-02,7.79E-03
17400,1.10E+05,1.04E+05,1.88E-03,0.00E+00,7.16E-04,4.11E-06,2.39E-04,1.90E-06,9.22E-04,1.80E-06,6.70E-02,8.16E-03
18000,1.10E+05,1.04E+05,1.88E-03,0.00E+00,7.17E-04,4.09E-06,2.65E-04,7.26E-06,1.06E-03,3.33E-06,6.63E-02,8.53E-03
18600,1.10E+05,1.04E+05,1.76E-03,5.16E-05,7.63E-04,4.01E-06,1.33E-04,6.13E-05,1.18E-03,1.86E-06,6.29E-02,8.53E-03
19200,1.10E+05,1.04E+05,1.73E-03,5.17E-05,7.82E-04,3.99E-06,9.32E-05,5.29E-05,1.24E-03,1.35E-06,6.13E-02,8.53E-03
19800,1.10E+05,1.04E+05,1.72E-03,5.17E-05,7.97E-04,3.98E-06,8.36E-05,4.23E-05,1.26E-03,1.12E-06,6.00E-02,8.53E-03
20400,1.10E+05,1.04E+05,1.70E-03,5.17E-05,8.13E-04,3.97E-06,8.11E-05,3.19E-05,1.26E-03,9.64E-07,5.87E-02,8.53E-03
21000,1.10E+05,1.04E+05,1.69E-03,5.17E-05,8.32E-04,3.96E-06,8.28E-05,2.33E-05,1.26E-03,8.41E-07,5.74E-02,8.53E-03
21600,1.10E+05,1.04E+05,1.66E-03,5.10E-05,8.58E-04,3.95E-06,8.30E-05,1.94E-05,1.26E-03,7.36E-07,5.61E-02,8.53E-03
22200,1.10E+05,1.04E+05,1.67E-03,1.94E-05,8.82E-04,3.94E-06,8.22E-05,1.67E-05,1.25E-03,6.50E-07,5.48E-02,8.53E-03
22800,1.10E+05,1.04E+05,1.68E-03,6.33E-06,8.85E-04,3.95E-06,8.70E-05,1.08E-05,1.25E-03,6.18E-07,5.24E-02,8.53E-03
23400,1.10E+05,1.04E+05,1.68E-03,2.41E-06,8.90E-04,3.95E-06,8.92E-05,9.67E-06,1.24E-03,5.92E-07,4.98E-02,8.53E-03
24000,1.10E+05,1.04E+05,1.68E-03,9.14E-07,8.93E-04,3.96E-06,9.06E-05,8.56E-06,1.24E-03,5.73E-07,4.71E-02,8.53E-03
24600,1.10E+05,1.04E+05,1.68E-03,2.06E-07,8.95E-04,3.96E-06,9.19E-05,7.06E-06,1.23E-03,5.59E-07,4.44E-02,8.53E-03
25200,1.10E+05,1.04E+05,1.68E-03,1.56E-08,8.96E-04,3.96E-06,9.19E-05,6.53E-06,1.23E-03,5.49E-07,4.23E-02,8.53E-03
25800,1.10E+05,1.04E+05,1.68E-03,0.00E+00,8.97E-04,3.97E-06,9.16E-05,5.82E-06,1.23E-03,5.39E-07,4.11E-02,8.53E-03
26400,1.10E+05,1.04E+05,1.68E-03,0.00E+00,8.99E-04,3.97E-06,9.07E-05,5.16E-06,1.22E-03,5.29E-07,4.06E-02,8.53E-03
27000,1.10E+05,1.04E+05,1.68E-03,0.00E+00,9.01E-04,3.97E-06,8.86E-05,5.80E-06,1.22E-03,5.19E-07,4.08E-02,8.53E-03
27600,1.10E+05,1.04E+05,1.68E-03,0.00E+00,9.02E-04,3.98E-06,8.80E-05,5.04E-06,1.22E-03,5.10E-07,4.17E-02,8.53E-03
28200,1.10E+05,1.04E+05,1.68E-03,0.00E+00,9.04E-04,3.98E-06,8.77E-05,3.81E-06,1.21E-03,5.01E-07,4.30E-02,8.53E-03
28800,1.10E+05,1.04E+05,1.68E-03,0.00E+00,9.06E-04,3.98E-06,8.71E-05,3.29E-06,1.21E-03,4.93E-07,4.43E-02,8.53E-03
29400,1.10E+05,1.04E+05,1.68E-03,0.00E+00,9.08E-04,3.98E-06,8.62E-05,3.37E-06,1.21E-03,4.85E-07,4.57E-02,8.53E-03
30000,1.10E+05,1.04E+05,1.68E-03,0.00E+00,9.10E-04,3.99E-06,8.56E-05,2.90E-06,1.20E-03,4.76E-07,4.74E-02,8.53E-03
30600,1.10E+05,1.04E+05,1.68E-03,0.00E+00,9.12E-04,3.99E-06,8.45E-05,2.91E-06,1.20E-03,4.68E-07,4.95E-02,8.53E-03
31200,1.10E+05,1.04E+05,1.68E-03,0.00E+00,9.14E-04,3.99E-06,8.34E-05,2.83E-06,1.20E-03,4.60E-07,5.21E-02,8.53E-03
31800,1.10E+05,1.04E+05,1.68E-03,0.00E+00,9.16E-04,3.99E-06,8.28E-05,2.35E-06,1.19E-03,4.52E-07,5.50E-02,8.53E-03
32400,1.10E+05,1.04E+05,1.67E-03,0.00E+00,9.18E-04,3.99E-06,8.22E-05,1.91E-06,1.19E-03,4.44E-07,5.79E-02,8.53E-03
33000,1.10E+05,1.04E+05,1.67E-03,0.00E+00,9.20E-04,4.00E-06,8.13E-05,1.83E-06,1.19E-03,4.35E-07,6.07E-02,8.53E-03
33600,1.10E+05,1.04E+05,1.67E-03,0.00E+00,9.23E-04,4.00E-06,8.03E-05,1.88E-06,1.18E-03,4.27E-07,6.31E-02,8.53E-03
34200,1.10E+05,1.04E+05,1.67E-03,0.00E+00,9.25E-04,4.00E-06,7.96E-05,1.59E-06,1.18E-03,4.18E-07,6.51E-02,8.53E-03
34800,1.10E+05,1.04E+05,1.67E-03,0.00E+00,9.27E-04,4.00E-06,7.88E-05,1.43E-06,1.17E-03,4.10E-07,6.72E-02,8.53E-03
35400,1.10E+05,1.04E+05,1.67E-03,0.00E+00,9.29E-04,4.01E-06,7.79E-05,1.32E-06,1.17E-03,4.01E-07,6.97E-02,8.53E-03
36000,1.10E+05,1.04E+05,1.67E-03,0.00E+00,9.31E-04,4.01E-06,7.65E-05,1.65E-06,1.16E-03,3.91E-07,7.26E-02,8.53E-03
36600,1.10E+05,1.04E+05,1.67E-03,0.00E+00,9.34E-04,4.01E-06,7.62E-05,1.17E-06,1.16E-03,3.84E-07,7.56E-02,8.53E-03
37200,1.10E+05,1.04E+05,1.67E-03,0.00E+00,9.36E-04,4.01E-06,7.59E-05,8.18E-07,1.15E-03,3.79E-07,7.91E-02,8.53E-03
37800,1.10E+05,1.04E+05,1.67E-03,0.00E+00,9.38E-04,4.01E-06,7.56E-05,4.67E-07,1.15E-03,3.74E-07,8.38E-02,8.53E-03
38400,1.10E+05,1.04E+05,1.67E-03,0.00E+00,9.40E-04,4.02E-06,7.51E-05,6.19E-07,1.14E-03,3.70E-07,9.03E-02,8.53E-03
39000,1.10E+05,1.04E+05,1.67E-03,0.00E+00,9.42E-04,4.02E-06,7.47E-05,4.58E-07,1.14E-03,3.66E-07,9.82E-02,8.53E-03
39600,1.10E+05,1.04E+05,1.67E-03,0.00E+00,9.44E-04,4.02E-06,7.41E-05,4.67E-07,1.13E-03,3.62E-07,1.07E-01,8.53E-03
40200,1.10E+05,1.04E+05,1.67E-03,0.00E+00,9.46E-04,4.02E-06,7.36E-05,3.69E-07,1.13E-03,3.58E-07,1.15E-01,8.53E-03
40800,1.10E+05,1.04E+05,1.66E-03,0.00E+00,9.48E-04,4.02E-06,7.31E-05,3.09E-07,1.12E-03,3.53E-07,1.22E-01,8.53E-03
41400,1.10E+05,1.04E+05,1.66E-03,0.00E+00,9.49E-04,4.03E-06,7.25E-05,3.64E-07,1.12E-03,3.49E-07,1.28E-01,8.53E-03
42000,1.10E+05,1.04E+05,1.66E-03,0.00E+00,9.51E-04,4.03E-06,7.18E-05,3.18E-07,1.11E-03,3.45E-07,1.34E-01,8.53E-03
42600,1.10E+05,1.04E+05,1.66E-03,0.00E+00,9.53E-04,4.03E-06,7.02E-05,1.26E-06,1.11E-03,3.40E-07,1.38E-01,8.53E-03
43200,1.10E+05,1.04E+05,1.66E-03,0.00E+00,9.54E-04,4.03E-06,6.94E-05,1.35E-06,1.10E-03,3.36E-07,1.43E-01,8.53E-03
43800,1.10E+05,1.04E+05,1.66E-03,0.00E+00,9.55E-04,4.04E-06,6.88E-05,1.28E-06,1.10E-03,3.32E-07,1.46E-01,8.53E-03
44400,1.10E+05,1.04E+05,1.66E-03,0.00E+00,9.56E-04,4.04E-06,6.82E-05,1.27E-06,1.09E-03,3.27E-07,1.50E-01,8.53E-03
45000,1.10E+05,1.04E+05,1.66E-03,0.00E+00,9.57E-04,4.04E-06,6.75E-05,1.28E-06,1.09E-03,3.23E-07,1.53E-01,8.53E-03
45600,1.10E+05,1.04E+05,1.66E-03,0.00E+00,9.58E-04,4.04E-06,6.67E-05,1.32E-06,1.08E-03,3.19E-07,1.56E-01,8.53E-03
46200,1.10E+05,1.04E+05,1.66E-03,0.00E+00,9.59E-04,4.04E-06,6.60E-05,1.27E-06,1.08E-03,3.15E-07,1.59E-01,8.53E-03
46800,1.10E+05,1.04E+05,1.66E-03,0.00E+00,9.60E-04,4.05E-06,6.53E-05,1.20E-06,1.07E-03,3.11E-07,1.62E-01,8.53E-03
47400,1.10E+05,1.04E+05,1.66E-03,0.00E+00,9.61E-04,4.05E-06,6.45E-05,1.17E-06,1.07E-03,3.08E-07,1.63E-01,8.53E-03
48000,1.10E+05,1.04E+05,1.66E-03,0.00E+00,9.62E-04,4.05E-06,6.36E-05,1.13E-06,1.06E-03,3.04E-07,1.64E-01,8.53E-03
48600,1.10E+05,1.04E+05,1.65E-03,0.00E+00,9.62E-04,4.05E-06,6.28E-05,1.10E-06,1.06E-03,3.00E-07,1.64E-01,8.53E-03
49200,1.10E+05,1.04E+05,1.65E-03,0.00E+00,9.63E-04,4.05E-06,6.18E-05,1.10E-06,1.06E-03,2.96E-07,1.64E-01,8.53E-03
49800,1.10E+05,1.04E+05,1.65E-03,0.00E+00,9.64E-04,4.06E-06,6.09E-05,1.03E-06,1.05E-03,2.93E-07,1.65E-01,8.53E-03
50400,1.10E+05,1.04E+05,1.65E-03,0.00E+00,9.64E-04,4.06E-06,6.03E-05,9.47E-07,1.05E-03,2.89E-07,1.66E-01,8.53E-03
51000,1.10E+05,1.04E+05,1.65E-03,0.00E+00,9.64E-04,4.06E-06,5.98E-05,7.65E-07,1.04E-03,2.86E-07,1.67E-01,8.53E-03
51600,1.10E+05,1.04E+05,1.65E-03,0.00E+00,9.65E-04,4.06E-06,5.95E-05,3.96E-07,1.04E-03,2.82E-07,1.69E-01,8.53E-03
52200,1.10E+05,1.04E+05,1.65E-03,0.00E+00,9.65E-04,4.07E-06,5.92E-05,9.20E-08,1.04E-03,2.79E-07,1.72E-01,8.53E-03
52800,1.10E+05,1.04E+05,1.65E-03,0.00E+00,9.65E-04,4.07E-06,5.89E-05,0.00E+00,1.03E-03,2.75E-07,1.74E-01,8.53E-03
53400,1.10E+05,1.04E+05,1.65E-03,0.00E+00,9.66E-04,4.07E-06,5.86E-05,0.00E+00,1.03E-03,2.72E-07,1.76E-01,8.53E-03
54000,1.10E+05,1.04E+05,1.65E-03,0.00E+00,9.66E-04,4.07E-06,5.83E-05,0.00E+00,1.02E-03,2.69E-07,1.78E-01,8.53E-03
54600,1.10E+05,1.04E+05,1.65E-03,0.00E+00,9.67E-04,4.08E-06,5.80E-05,0.00E+00,1.02E-03,2.66E-07,1.79E-01,8.53E-03
55200,1.10E+05,1.04E+05,1.64E-03,0.00E+00,9.68E-04,4.08E-06,5.76E-05,0.00E+00,1.01E-03,2.63E-07,1.80E-01,8.53E-03
55800,1.10E+05,1.04E+05,1.64E-03,0.00E+00,9.68E-04,4.08E-06,5.73E-05,0.00E+00,1.01E-03,2.59E-07,1.82E-01,8.53E-03
56400,1.10E+05,1.04E+05,1.64E-03,0.00E+00,9.69E-04,4.09E-06,5.69E-05,0.00E+00,1.01E-03,2.56E-07,1.83E-01,8.53E-03
57000,1.10E+05,1.04E+05,1.64E-03,0.00E+00,9.70E-04,4.09E-06,5.65E-05,0.00E+00,1.00E-03,2.53E-07,1.85E-01,8.53E-03
57600,1.10E+05,1.04E+05,1.64E-03,0.00E+00,9.71E-04,4.09E-06,5.61E-05,0.00E+00,9.99E-04,2.49E-07,1.86E-01,8.53E-03
58200,1.10E+05,1.04E+05,1.64E-03,0.00E+00,9.72E-04,4.09E-06,5.57E-05,0.00E+00,9.95E-04,2.46E-07,1.88E-01,8.53E-03
58800,1.10E+05,1.04E+05,1.64E-03,0.00E+00,9.73E-04,4.10E-06,5.53E-05,0.00E+00,9.91E-04,2.42E-07,1.90E-01,8.53E-03
59400,1.10E+05,1.04E+05,1.64E-03,0.00E+00,9.74E-04,4.10E-06,5.49E-05,0.00E+00,9.87E-04,2.39E-07,1.91E-01,8.53E-03
60000,1.10E+05,1.04E+05,1.63E-03,0.00E+00,9.75E-04,4.10E-06,5.46E-05,0.00E+00,9.84E-04,2.36E-07,1.93E-01,8.53E-03
60600,1.10E+05,1.04E+05,1.63E-03,0.00E+00,9.76E-04,4.11E-06,5.42E-05,0.00E+00,9.80E-04,2.32E-07,1.95E-01,8.53E-03
61200,1.10E+05,1.04E+05,1.63E-03,0.00E+00,9.77E-04,4.11E-06,5.38E-05,0.00E+00,9.76E-04,2.28E-07,1.97E-01,8.53E-03
61800,1.10E+05,1.04E+05,1.63E-03,0.00E+00,9.79E-04,4.11E-06,5.33E-05,0.00E+00,9.72E-04,2.25E-07,1.99E-01,8.53E-03
62400,1.10E+05,1.04E+05,1.63E-03,0.00E+00,9.80E-04,4.12E-06,5.28E-05,0.00E+00,9.69E-04,2.21E-07,2.01E-01,8.53E-03
63000,1.10E+05,1.04E+05,1.63E-03,0.00E+00,9.82E-04,4.12E-06,5.23E-05,0.00E+00,9.65E-04,2.17E-07,2.03E-01,8.53E-03
63600,1.10E+05,1.04E+05,1.63E-03,0.00E+00,9.84E-04,4.12E-06,5.17E-05,0.00E+00,9.62E-04,2.13E-07,2.05E-01,8.53E-03
64200,1.10E+05,1.04E+05,1.62E-03,0.00E+00,9.85E-04,4.12E-06,5.10E-05,0.00E+00,9.58E-04,2.09E-07,2.07E-01,8.53E-03
64800,1.10E+05,1.04E+05,1.62E-03,0.00E+00,9.87E-04,4.13E-06,4.85E-05,1.74E-06,9.55E-04,2.05E-07,2.08E-01,8.53E-03
65400,1.10E+05,1.04E+05,1.62E-03,0.00E+00,9.89E-04,4.13E-06,4.77E-05,1.74E-06,9.52E-04,2.01E-07,2.10E-01,8.53E-03
66000,1.10E+05,1.04E+05,1.62E-03,0.00E+00,9.92E-04,4.13E-06,4.67E-05,1.74E-06,9.49E-04,1.97E-07,2.12E-01,8.53E-03
66600,1.10E+05,1.04E+05,1.62E-03,0.00E+00,9.94E-04,4.14E-06,4.59E-05,1.54E-06,9.46E-04,1.92E-07,2.13E-01,8.53E-03
67200,1.10E+05,1.04E+05,1.61E-03,0.00E+00,9.97E-04,4.14E-06,4.31E-05,3.17E-06,9.44E-04,1.88E-07,2.14E-01,8.53E-03
67800,1.10E+05,1.04E+05,1.61E-03,0.00E+00,1.00E-03,4.14E-06,4.22E-05,3.08E-06,9.41E-04,1.83E-07,2.16E-01,8.53E-03
68400,1.10E+05,1.04E+05,1.61E-03,0.00E+00,1.00E-03,4.14E-06,4.13E-05,3.05E-06,9.38E-04,1.79E-07,2.17E-01,8.53E-03
69000,1.10E+05,1.04E+05,1.60E-03,0.00E+00,1.01E-03,4.15E-06,4.02E-05,3.00E-06,9.35E-04,1.74E-07,2.18E-01,8.53E-03
69600,1.10E+05,1.04E+05,1.60E-03,0.00E+00,1.01E-03,4.15E-06,3.71E-05,4.90E-06,9.33E-04,1.70E-07,2.20E-01,8.53E-03
70200,1.10E+05,1.04E+05,1.60E-03,0.00E+00,1.01E-03,4.15E-06,3.58E-05,4.85E-06,9.30E-04,1.65E-07,2.21E-01,8.53E-03
70800,1.10E+05,1.04E+05,1.59E-03,0.00E+00,1.02E-03,4.15E-06,3.43E-05,4.80E-06,9.28E-04,1.60E-07,2.23E-01,8.53E-03
71400,1.10E+05,1.04E+05,1.59E-03,0.00E+00,1.03E-03,4.15E-06,3.26E-05,4.73E-06,9.26E-04,1.54E-07,2.25E-01,8.53E-03
72000,1.10E+05,1.04E+05,1.58E-03,0.00E+00,1.03E-03,4.15E-06,3.07E-05,4.65E-06,9.24E-04,1.49E-07,2.27E-01,8.53E-03
72600,1.10E+05,1.04E+05,1.55E-03,2.54E-05,1.04E-03,4.15E-06,2.86E-05,4.56E-06,9.23E-04,1.43E-07,2.28E-01,8.53E-03
73200,1.10E+05,1.04E+05,1.54E-03,2.54E-05,1.05E-03,4.14E-06,2.44E-05,6.20E-06,9.21E-04,1.37E-07,2.30E-01,8.53E-03
73800,1.10E+05,1.04E+05,1.54E-03,2.54E-05,1.06E-03,4.14E-06,2.17E-05,6.16E-06,9.20E-04,1.31E-07,2.32E-01,8.53E-03
74400,1.10E+05,1.04E+05,1.53E-03,2.54E-05,1.07E-03,4.13E-06,1.79E-05,6.85E-06,9.18E-04,1.24E-07,2.35E-01,8.53E-03
75000,1.10E+05,1.04E+05,1.51E-03,2.54E-05,1.08E-03,4.11E-06,1.48E-05,6.35E-06,9.17E-04,1.16E-07,2.37E-01,8.53E-03
75600,1.10E+05,1.04E+05,1.50E-03,2.54E-05,1.10E-03,4.10E-06,1.18E-05,5.91E-06,9.16E-04,1.08E-07,2.40E-01,8.53E-03
76200,1.10E+05,1.04E+05,1.48E-03,2.54E-05,1.13E-03,4.07E-06,9.94E-06,5.06E-06,9.12E-04,9.97E-08,2.43E-01,8.53E-03
76800,1.10E+05,1.04E+05,1.46E-03,1.85E-05,1.16E-03,4.04E-06,7.66E-06,4.80E-06,9.08E-04,9.06E-08,2.46E-01,8.53E-03
77400,1.10E+05,1.04E+05,1.46E-03,4.35E-06,1.18E-03,4.02E-06,6.94E-06,4.28E-06,9.05E-04,8.62E-08,2.54E-01,8.53E-03
78000,1.10E+05,1.04E+05,1.46E-03,1.63E-06,1.18E-03,4.03E-06,6.57E-06,4.07E-06,9.02E-04,8.49E-08,2.65E-01,8.53E-03
78600,1.10E+05,1.04E+05,1.46E-03,9.93E-07,1.18E-03,4.03E-06,6.26E-06,3.90E-06,9.00E-04,8.42E-08,2.72E-01,8.53E-03
79200,1.10E+05,1.04E+05,1.46E-03,3.95E-07,1.18E-03,4.04E-06,6.10E-06,3.64E-06,8.98E-04,8.39E-08,2.76E-01,8.53E-03
79800,1.10E+05,1.04E+05,1.46E-03,7.39E-08,1.18E-03,4.04E-06,5.86E-06,3.51E-06,8.95E-04,8.42E-08,2.79E-01,8.53E-03
80400,1.10E+05,1.04E+05,1.46E-03,2.40E-08,1.19E-03,4.05E-06,5.65E-06,3.42E-06,8.93E-04,8.46E-08,2.81E-01,8.53E-03
81000,1.10E+05,1.04E+05,1.46E-03,6.41E-08,1.19E-03,4.05E-06,5.43E-06,3.33E-06,8.91E-04,8.50E-08,2.84E-01,8.53E-03
81600,1.10E+05,1.04E+05,1.45E-03,0.00E+00,1.19E-03,4.06E-06,5.21E-06,3.23E-06,8.89E-04,8.53E-08,2.86E-01,8.53E-03
82200,1.10E+05,1.04E+05,1.45E-03,0.00E+00,1.19E-03,4.06E-06,4.97E-06,3.12E-06,8.87E-04,8.55E-08,2.88E-01,8.53E-03
82800,1.10E+05,1.04E+05,1.45E-03,0.00E+00,1.19E-03,4.07E-06,4.74E-06,2.98E-06,8.85E-04,8.56E-08,2.90E-01,8.53E-03
83400,1.10E+05,1.04E+05,1.45E-03,0.00E+00,1.19E-03,4.07E-06,4.67E-06,2.73E-06,8.83E-04,8.57E-08,2.92E-01,8.53E-03
84000,1.10E+05,1.04E+05,1.45E-03,0.00E+00,1.19E-03,4.08E-06,4.44E-06,2.69E-06,8.81E-04,8.58E-08,2.94E-01,8.53E-03
84600,1.10E+05,1.04E+05,1.45E-03,0.00E+00,1.19E-03,4.08E-06,4.20E-06,2.66E-06,8.78E-04,8.58E-08,2.95E-01,8.53E-03
85200,1.10E+05,1.04E+05,1.45E-03,0.00E+00,1.19E-03,4.09E-06,3.95E-06,2.63E-06,8.76E-04,8.56E-08,2.97E-01,8.53E-03
85800,1.10E+05,1.04E+05,1.45E-03,0.00E+00,1.19E-03,4.09E-06,3.69E-06,2.59E-06,8.74E-04,8.54E-08,2.98E-01,8.53E-03
86400,1.10E+05,1.04E+05,1.45E-03,0.00E+00,1.19E-03,4.09E-06,3.44E-06,2.53E-06,8.73E-04,8.52E-08,2.99E-01,8.53E-03
87000,1.10E+05,1.04E+05,1.45E-03,0.00E+00,1.19E-03,4.10E-06,3.07E-06,2.57E-06,8.71E-04,8.48E-08,3.00E-01,8.53E-03
87600,1.10E+05,1.04E+05,1.45E-03,0.00E+00,1.20E-03,4.10E-06,2.86E-06,2.43E-06,8.69E-04,8.44E-08,3.01E-01,8.53E-03
88200,1.10E+05,1.04E+05,1.45E-03,0.00E+00,1.20E-03,4.11E-06,2.62E-06,2.33E-06,8.67E-04,8.39E-08,3.02E-01,8.53E-03
88800,1.10E+05,1.04E+05,1.45E-03,0.00E+00,1.20E-03,4.11E-06,2.39E-06,2.24E-06,8.65E-04,8.34E-08,3.03E-01,8.53E-03
89400,1.10E+05,1.04E+05,1.45E-03,0.00E+00,1.20E-03,4.12E-06,2.06E-06,2.25E-06,8.64E-04,8.30E-08,3.04E-01,8.53E-03
90000,1.10E+05,1.04E+05,1.45E-03,0.00E+00,1.20E-03,4.12E-06,1.83E-06,2.15E-06,8.62E-04,8.25E-08,3.05E-01,8.53E-03
90600,1.10E+05,1.04E+05,1.45E-03,0.00E+00,1.20E-03,4.13E-06,1.61E-06,2.05E-06,8.60E-04,8.20E-08,3.06E-01,8.53E-03
91200,1.10E+05,1.04E+05,1.45E-03,0.00E+00,1.20E-03,4.13E-06,1.37E-06,2.00E-06,8.59E-04,8.16E-08,3.07E-01,8.53E-03
91800,1.10E+05,1.04E+05,1.45E-03,0.00E+00,1.20E-03,4.14E-06,1.14E-06,1.95E-06,8.57E-04,8.12E-08,3.07E-01,8.53E-03
92400,1.10E+05,1.04E+05,1.44E-03,0.00E+00,1.20E-03,4.15E-06,8.92E-07,1.91E-06,8.56E-04,8.08E-08,3.08E-01,8.53E-03
93000,1.10E+05,1.04E+05,1.44E-03,0.00E+00,1.20E-03,4.15E-06,6.51E-07,1.88E-06,8.54E-04,8.05E-08,3.09E-01,8.53E-03
93600,1.10E+05,1.04E+05,1.44E-03,0.00E+00,1.20E-03,4.16E-06,4.90E-07,1.76E-06,8.52E-04,8.02E-08,3.10E-01,8.53E-03
94200,1.10E+05,1.04E+05,1.44E-03,0.00E+00,1.21E-03,4.16E-06,3.84E-07,1.62E-06,8.51E-04,7.99E-08,3.11E-01,8.53E-03
94800,1.10E+05,1.04E+05,1.44E-03,0.00E+00,1.21E-03,4.17E-06,2.68E-07,1.54E-06,8.49E-04,7.95E-08,3.12E-01,8.53E-03
95400,1.10E+05,1.04E+05,1.44E-03,0.00E+00,1.21E-03,4.18E-06,1.50E-07,1.44E-06,8.48E-04,7.90E-08,3.12E-01,8.53E-03
96000,1.10E+05,1.04E+05,1.44E-03,0.00E+00,1.21E-03,4.18E-06,4.00E-08,1.34E-06,8.46E-04,7.85E-08,3.13E-01,8.53E-03
96600,1.10E+05,1.04E+05,1.44E-03,0.00E+00,1.21E-03,4.19E-06,-3.65E-08,1.23E-06,8.45E-04,7.79E-08,3.14E-01,8.53E-03
97200,1.10E+05,1.04E+05,1.44E-03,0.00E+00,1.21E-03,4.19E-06,-3.27E-09,1.06E-06,8.43E-04,7.73E-08,3.15E-01,8.53E-03
97800,1.10E+05,1.04E+05,1.44E-03,0.00E+00,1.21E-03,4.20E-06,5.06E-08,9.71E-07,8.42E-04,7.67E-08,3.16E-01,8.53E-03
98400,1.10E+05,1.04E+05,1.44E-03,0.00E+00,1.21E-03,4.21E-06,4.79E-08,9.25E-07,8.40E-04,7.60E-08,3.17E-01,8.53E-03
99000,1.10E+05,1.04E+05,1.44E-03,0.00E+00,1.21E-03,4.21E-06,4.52E-08,8.66E-07,8.39E-04,7.53E-08,3.18E-01,8.53E-03
99600,1.10E+05,1.04E+05,1.44E-03,0.00E+00,1.21E-03,4.22E-06,4.26E-08,7.94E-07,8.37E-04,7.45E-08,3.19E-01,8.53E-03
100200,1.10E+05,1.04E+05,1.44E-03,0.00E+00,1.22E-03,4.23E-06,4.60E-08,7.30E-07,8.36E-04,7.38E-08,3.20E-01,8.53E-03
100800,1.10E+05,1.04E+05,1.44E-03,0.00E+00,1.22E-03,4.24E-06,4.36E-08,6.63E-07,8.35E-04,7.30E-08,3.22E-01,8.53E-03
101400,1.10E+05,1.04E+05,1.44E-03,0.00E+00,1.22E-03,4.24E-06,4.89E-08,5.90E-07,8.33E-04,7.23E-08,3.23E-01,8.53E-03
102000,1.10E+05,1.04E+05,1.44E-03,0.00E+00,1.22E-03,4.25E-06,5.47E-08,5.68E-07,8.32E-04,7.15E-08,3.24E-01,8.53E-03
102600,1.10E+05,1.04E+05,1.43E-03,0.00E+00,1.22E-03,4.26E-06,5.31E-08,5.51E-07,8.31E-04,7.08E-08,3.26E-01,8.53E-03
103200,1.10E+05,1.04E+05,1.43E-03,0.00E+00,1.22E-03,4.26E-06,5.13E-08,5.27E-07,8.29E-04,7.00E-08,3.27E-01,8.53E-03
103800,1.10E+05,1.04E+05,1.43E-03,0.00E+00,1.22E-03,4.27E-06,4.93E-08,4.95E-07,8.28E-04,6.92E-08,3.28E-01,8.53E-03
104400,1.10E+05,1.04E+05,1.43E-03,0.00E+00,1.22E-03,4.28E-06,4.72E-08,4.56E-07,8.27E-04,6.84E-08,3.30E-01,8.53E-03
105000,1.10E+05,1.04E+05,1.43E-03,0.00E+00,1.22E-03,4.29E-06,4.49E-08,4.09E-07,8.26E-04,6.77E-08,3.31E-01,8.53E-03
105600,1.10E+05,1.04E+05,1.43E-03,0.00E+00,1.23E-03,4.29E-06,4.84E-08,3.53E-07,8.25E-04,6.68E-08,3.33E-01,8.53E-03
106200,1.10E+05,1.04E+05,1.43E-03,0.00E+00,1.23E-03,4.30E-06,4.74E-08,3.24E-07,8.24E-04,6.60E-08,3.34E-01,8.53E-03
106800,1.10E+05,1.04E+05,1.43E-03,0.00E+00,1.23E-03,4.31E-06,5.07E-08,2.99E-07,8.22E-04,6.52E-08,3.36E-01,8.53E-03
107400,1.10E+05,1.04E+05,1.43E-03,0.00E+00,1.23E-03,4.32E-06,4.59E-08,2.89E-07,8.21E-04,6.43E-08,3.39E-01,8.53E-03
108000,1.10E+05,1.04E+05,1.43E-03,0.00E+00,1.23E-03,4.33E-06,-3.08E-09,3.15E-07,8.20E-04,6.35E-08,3.41E-01,8.53E-03
108600,1.10E+05,1.04E+05,1.43E-03,0.00E+00,1.23E-03,4.33E-06,-4.55E-09,2.86E-07,8.19E-04,6.26E-08,3.44E-01,8.53E-03
109200,1.10E+05,1.04E+05,1.43E-03,0.00E+00,1.24E-03,4.34E-06,-5.98E-09,2.49E-07,8.18E-04,6.17E-08,3.46E-01,8.53E-03
109800,1.10E+05,1.04E+05,1.43E-03,0.00E+00,1.24E-03,4.35E-06,-5.96E-09,2.05E-07,8.17E-04,6.09E-08,3.49E-01,8.53E-03
110400,1.10E+05,1.04E+05,1.43E-03,0.00E+00,1.24E-03,4.36E-06,-4.84E-09,1.71E-07,8.16E-04,6.00E-08,3.51E-01,8.53E-03
111000,1.10E+05,1.04E+05,1.43E-03,0.00E+00,1.24E-03,4.37E-06,1.53E-09,1.52E-07,8.16E-04,5.92E-08,3.53E-01,8.53E-03
111600,1.10E+05,1.04E+05,1.42E-03,0.00E+00,1.24E-03,4.38E-06,1.02E-09,1.49E-07,8.15E-04,5.85E-08,3.55E-01,8.53E-03
112200,1.10E+05,1.04E+05,1.42E-03,0.00E+00,1.25E-03,4.38E-06,5.53E-10,1.43E-07,8.14E-04,5.79E-08,3.57E-01,8.53E-03
112800,1.10E+05,1.04E+05,1.42E-03,0.00E+00,1.25E-03,4.39E-06,1.05E-10,1.35E-07,8.13E-04,5.74E-08,3.58E-01,8.53E-03
113400,1.10E+05,1.04E+05,1.42E-03,0.00E+00,1.25E-03,4.40E-06,-2.90E-10,1.25E-07,8.13E-04,5.69E-08,3.60E-01,8.53E-03
114000,1.10E+05,1.04E+05,1.42E-03,0.00E+00,1.25E-03,4.41E-06,-6.53E-10,1.12E-07,8.12E-04,5.65E-08,3.61E-01,8.53E-03
114600,1.10E+05,1.04E+05,1.42E-03,0.00E+00,1.25E-03,4.42E-06,-1.01E-09,9.84E-08,8.12E-04,5.62E-08,3.63E-01,8.53E-03
115200,1.10E+05,1.04E+05,1.42E-03,0.00E+00,1.26E-03,4.42E-06,-1.37E-09,8.25E-08,8.11E-04,5.59E-08,3.65E-01,8.53E-03
115800,1.10E+05,1.04E+05,1.42E-03,0.00E+00,1.26E-03,4.43E-06,-1.70E-09,6.47E-08,8.11E-04,5.56E-08,3.66E-01,8.53E-03
116400,1.10E+05,1.04E+05,1.42E-03,0.00E+00,1.26E-03,4.44E-06,-2.03E-09,4.53E-08,8.11E-04,5.53E-08,3.69E-01,8.53E-03
117000,1.10E+05,1.04E+05,1.42E-03,0.00E+00,1.26E-03,4.45E-06,-2.37E-09,2.42E-08,8.10E-04,5.50E-08,3.71E-01,8.53E-03
117600,1.10E+05,1.04E+05,1.42E-03,0.00E+00,1.27E-03,4.45E-06,6.80E-10,1.24E-09,8.10E-04,5.48E-08,3.73E-01,8.53E-03
118200,1.10E+05,1.04E+05,1.42E-03,0.00E+00,1.27E-03,4.46E-06,1.92E-09,0.00E+00,8.10E-04,5.45E-08,3.76E-01,8.53E-03
118800,1.10E+05,1.04E+05,1.41E-03,0.00E+00,1.27E-03,4.47E-06,1.92E-09,0.00E+00,8.10E-04,5.42E-08,3.78E-01,8.53E-03
119400,1.10E+05,1.04E+05,1.41E-03,0.00E+00,1.27E-03,4.48E-06,1.92E-09,0.00E+00,8.09E-04,5.40E-08,3.81E-01,8.53E-03
120000,1.10E+05,1.04E+05,1.41E-03,0.00E+00,1.28E-03,4.48E-06,1.92E-09,0.00E+00,8.09E-04,5.37E-08,3.84E-01,8.53E-03
120600,1.10E+05,1.04E+05,1.41E-03,0.00E+00,1.28E-03,4.49E-06,1.92E-09,0.00E+00,8.09E-04,5.34E-08,3.86E-01,8.53E-03
121200,1.10E+05,1.04E+05,1.41E-03,0.00E+00,1.28E-03,4.50E-06,1.92E-09,0.00E+00,8.08E-04,5.31E-08,3.88E-01,8.53E-03
121800,1.10E+05,1.04E+05,1.41E-03,0.00E+00,1.28E-03,4.51E-06,1.92E-09,0.00E+00,8.08E-04,5.28E-08,3.90E-01,8.53E-03
122400,1.10E+05,1.04E+05,1.41E-03,0.00E+00,1.29E-03,4.51E-06,1.92E-09,0.00E+00,8.08E-04,5.25E-08,3.92E-01,8.53E-03
123000,1.10E+05,1.04E+05,1.41E-03,0.00E+00,1.29E-03,4.52E-06,1.92E-09,0.00E+00,8.08E-04,5.22E-08,3.94E-01,8.53E-03
123600,1.10E+05,1.04E+05,1.41E-03,0.00E+00,1.29E-03,4.53E-06,1.92E-09,0.00E+00,8.07E-04,5.18E-08,3.96E-01,8.53E-03
124200,1.10E+05,1.04E+05,1.41E-03,0.00E+00,1.29E-03,4.54E-06,1.92E-09,0.00E+00,8.07E-04,5.15E-08,3.98E-01,8.53E-03
124800,1.10E+05,1.04E+05,1.40E-03,0.00E+00,1.30E-03,4.54E-06,1.92E-09,0.00E+00,8.07E-04,5.12E-08,4.00E-01,8.53E-03
125400,1.10E+05,1.04E+05,1.40E-03,0.00E+00,1.30E-03,4.55E-06,1.92E-09,0.00E+00,8.07E-04,5.09E-08,4.02E-01,8.53E-03
126000,1.10E+05,1.04E+05,1.40E-03,0.00E+00,1.30E-03,4.56E-06,1.92E-09,0.00E+00,8.06E-04,5.06E-08,4.04E-01,8.53E-03
126600,1.10E+05,1.04E+05,1.40E-03,0.00E+00,1.31E-03,4.57E-06,1.92E-09,0.00E+00,8.06E-04,5.02E-08,4.05E-01,8.53E-03
127200,1.10E+05,1.04E+05,1.37E-03,2.49E-05,1.31E-03,4.57E-06,1.92E-09,0.00E+00,8.06E-04,4.99E-08,4.07E-01,8.53E-03
127800,1.10E+05,1.04E+05,1.37E-03,2.49E-05,1.31E-03,4.58E-06,1.92E-09,0.00E+00,8.06E-04,4.95E-08,4.09E-01,8.53E-03
128400,1.10E+05,1.04E+05,1.37E-03,2.49E-05,1.32E-03,4.59E-06,1.92E-09,0.00E+00,8.05E-04,4.92E-08,4.11E-01,8.53E-03
129000,1.10E+05,1.04E+05,1.37E-03,2.49E-05,1.32E-03,4.59E-06,1.92E-09,0.00E+00,8.05E-04,4.88E-08,4.13E-01,8.53E-03
129600,1.10E+05,1.04E+05,1.37E-03,2.49E-05,1.32E-03,4.60E-06,1.92E-09,0.00E+00,8.05E-04,4.84E-08,4.15E-01,8.53E-03
130200,1.10E+05,1.04E+05,1.37E-03,2.49E-05,1.33E-03,4.61E-06,1.91E-09,0.00E+00,8.04E-04,4.80E-08,4.17E-01,8.53E-03
130800,1.10E+05,1.04E+05,1.36E-03,2.49E-05,1.33E-03,4.61E-06,1.91E-09,0.00E+00,8.04E-04,4.76E-08,4.19E-01,8.53E-03
131400,1.10E+05,1.04E+05,1.36E-03,2.49E-05,1.33E-03,4.62E-06,1.91E-09,0.00E+00,8.04E-04,4.71E-08,4.20E-01,8.53E-03
132000,1.10E+05,1.04E+05,1.36E-03,2.49E-05,1.34E-03,4.62E-06,1.91E-09,0.00E+00,8.03E-04,4.67E-08,4.22E-01,8.53E-03
132600,1.10E+05,1.04E+05,1.36E-03,2.49E-05,1.34E-03,4.63E-06,1.91E-09,0.00E+00,8.03E-04,4.62E-08,4.24E-01,8.53E-03
133200,1.10E+05,1.04E+05,1.35E-03,2.49E-05,1.35E-03,4.64E-06,1.91E-09,0.00E+00,8.02E-04,4.57E-08,4.26E-01,8.53E-03
133800,1.10E+05,1.04E+05,1.35E-03,2.49E-05,1.35E-03,4.64E-06,1.91E-09,0.00E+00,8.02E-04,4.52E-08,4.27E-01,8.53E-03
134400,1.10E+05,1.04E+05,1.35E-03,2.49E-05,1.36E-03,4.65E-06,1.91E-09,0.00E+00,8.01E-04,4.46E-08,4.29E-01,8.53E-03
135000,1.10E+05,1.04E+05,1.34E-03,2.49E-05,1.36E-03,4.65E-06,1.91E-09,0.00E+00,8.00E-04,4.40E-08,4.30E-01,8.53E-03
135600,1.10E+05,1.04E+05,1.34E-03,2.49E-05,1.37E-03,4.66E-06,1.91E-09,0.00E+00,8.00E-04,4.33E-08,4.31E-01,8.53E-03
136200,1.10E+05,1.04E+05,1.33E-03,2.49E-05,1.38E-03,4.66E-06,1.91E-09,0.00E+00,7.99E-04,4.26E-08,4.33E-01,8.53E-03
136800,1.10E+05,1.04E+05,1.33E-03,2.49E-05,1.38E-03,4.66E-06,1.91E-09,0.00E+00,7.98E-04,4.18E-08,4.34E-01,8.53E-03
137400,1.10E+05,1.04E+05,1.32E-03,2.49E-05,1.39E-03,4.67E-06,1.91E-09,0.00E+00,7.97E-04,4.10E-08,4.35E-01,8.53E-03
138000,1.10E+05,1.04E+05,1.32E-03,2.49E-05,1.40E-03,4.67E-06,1.91E-09,0.00E+00,7.95E-04,4.00E-08,4.36E-01,8.53E-03
138600,1.10E+05,1.04E+05,1.31E-03,2.49E-05,1.42E-03,4.67E-06,1.91E-09,0.00E+00,7.94E-04,3.89E-08,4.37E-01,8.53E-03
139200,1.10E+05,1.04E+05,1.30E-03,2.49E-05,1.43E-03,4.68E-06,1.91E-09,0.00E+00,7.92E-04,3.77E-08,4.37E-01,8.53E-03
139800,1.10E+05,1.04E+05,1.26E-03,4.89E-05,1.45E-03,4.68E-06,1.91E-09,0.00E+00,7.90E-04,3.63E-08,4.38E-01,8.53E-03
140400,1.10E+05,1.04E+05,1.24E-03,4.89E-05,1.47E-03,4.68E-06,1.91E-09,0.00E+00,7.88E-04,3.46E-08,4.39E-01,8.53E-03
141000,1.10E+05,1.04E+05,1.22E-03,4.89E-05,1.49E-03,4.69E-06,1.91E-09,0.00E+00,7.84E-04,3.26E-08,4.39E-01,8.53E-03
141600,1.10E+05,1.04E+05,1.23E-03,2.07E-05,1.53E-03,4.69E-06,1.91E-09,0.00E+00,7.80E-04,3.02E-08,4.39E-01,8.53E-03
142200,1.10E+05,1.04E+05,1.23E-03,1.22E-05,1.54E-03,4.70E-06,1.91E-09,0.00E+00,7.79E-04,2.94E-08,4.41E-01,8.53E-03
142800,1.10E+05,1.04E+05,1.23E-03,9.15E-06,1.54E-03,4.71E-06,1.91E-09,0.00E+00,7.78E-04,2.90E-08,4.44E-01,8.53E-03
143400,1.10E+05,1.04E+05,1.23E-03,8.70E-06,1.54E-03,4.72E-06,1.91E-09,0.00E+00,7.77E-04,2.87E-08,4.49E-01,8.53E-03
144000,1.10E+05,1.04E+05,1.23E-03,8.54E-06,1.55E-03,4.73E-06,1.91E-09,0.00E+00,7.77E-04,2.85E-08,4.53E-01,8.53E-03
144600,1.10E+05,1.04E+05,1.23E-03,8.44E-06,1.55E-03,4.74E-06,1.91E-09,0.00E+00,7.76E-04,2.83E-08,4.56E-01,8.53E-03
145200,1.10E+05,1.04E+05,1.23E-03,8.45E-06,1.55E-03,4.75E-06,1.91E-09,0.00E+00,7.76E-04,2.82E-08,4.59E-01,8.53E-03
145800,1.10E+05,1.04E+05,1.23E-03,8.28E-06,1.55E-03,4.76E-06,1.91E-09,0.00E+00,7.76E-04,2.82E-08,4.62E-01,8.53E-03
146400,1.10E+05,1.04E+05,1.23E-03,8.18E-06,1.55E-03,4.77E-06,1.91E-09,0.00E+00,7.75E-04,2.81E-08,4.64E-01,8.53E-03
147000,1.10E+05,1.04E+05,1.23E-03,8.18E-06,1.55E-03,4.78E-06,1.90E-09,0.00E+00,7.75E-04,2.81E-08,4.66E-01,8.53E-03
147600,1.10E+05,1.04E+05,1.23E-03,8.18E-06,1.55E-03,4.79E-06,1.90E-09,0.00E+00,7.75E-04,2.80E-08,4.68E-01,8.53E-03
148200,1.10E+05,1.04E+05,1.23E-03,8.18E-06,1.56E-03,4.79E-06,1.90E-09,0.00E+00,7.74E-04,2.79E-08,4.70E-01,8.53E-03
148800,1.10E+05,1.04E+05,1.22E-03,8.18E-06,1.56E-03,4.80E-06,1.90E-09,0.00E+00,7.74E-04,2.79E-08,4.71E-01,8.53E-03
149400,1.10E+05,1.04E+05,1.22E-03,8.18E-06,1.56E-03,4.81E-06,1.90E-09,0.00E+00,7.74E-04,2.78E-08,4.73E-01,8.53E-03
150000,1.10E+05,1.04E+05,1.22E-03,8.18E-06,1.56E-03,4.82E-06,1.90E-09,0.00E+00,7.73E-04,2.77E-08,4.74E-01,8.53E-03
150600,1.10E+05,1.04E+05,1.22E-03,8.18E-06,1.56E-03,4.82E-06,1.90E-09,0.00E+00,7.73E-04,2.77E-08,4.75E-01,8.53E-03
151200,1.10E+05,1.04E+05,1.22E-03,8.18E-06,1.56E-03,4.83E-06,1.90E-09,0.00E+00,7.73E-04,2.76E-08,4.76E-01,8.53E-03
151800,1.10E+05,1.04E+05,1.22E-03,8.18E-06,1.56E-03,4.84E-06,1.90E-09,0.00E+00,7.73E-04,2.75E-08,4.77E-01,8.53E-03
152400,1.10E+05,1.04E+05,1.22E-03,8.18E-06,1.57E-03,4.84E-06,1.90E-09,0.00E+00,7.72E-04,2.75E-08,4.78E-01,8.53E-03
153000,1.10E+05,1.04E+05,1.22E-03,8.18E-06,1.57E-03,4.85E-06,1.90E-09,0.00E+00,7.72E-04,2.74E-08,4.79E-01,8.53E-03
153600,1.10E+05,1.04E+05,1.22E-03,8.18E-06,1.57E-03,4.86E-06,1.90E-09,0.00E+00,7.72E-04,2.73E-08,4.79E-01,8.53E-03
154200,1.10E+05,1.04E+05,1.22E-03,8.18E-06,1.57E-03,4.86E-06,1.90E-09,0.00E+00,7.71E-04,2.73E-08,4.80E-01,8.53E-03
154800,1.10E+05,1.04E+05,1.22E-03,8.18E-06,1.57E-03,4.87E-06,1.90E-09,0.00E+00,7.71E-04,2.72E-08,4.81E-01,8.53E-03
155400,1.10E+05,1.04E+05,1.22E-03,8.18E-06,1.57E-03,4.88E-06,1.90E-09,0.00E+00,7.71E-04,2.71E-08,4.81E-01,8.53E-03
156000,1.10E+05,1.04E+05,1.22E-03,8.18E-06,1.57E-03,4.89E-06,1.90E-09,0.00E+00,7.70E-04,2.70E-08,4.82E-01,8.53E-03
156600,1.10E+05,1.04E+05,1.22E-03,8.18E-06,1.57E-03,4.89E-06,1.90E-09,0.00E+00,7.70E-04,2.70E-08,4.83E-01,8.53E-03
157200,1.10E+05,1.04E+05,1.22E-03,8.18E-06,1.58E-03,4.90E-06,1.90E-09,0.00E+00,7.70E-04,2.69E-08,4.83E-01,8.53E-03
157800,1.10E+05,1.04E+05,1.22E-03,8.18E-06,1.58E-03,4.91E-06,1.90E-09,0.00E+00,7.70E-04,2.68E-08,4.84E-01,8.53E-03
158400,1.10E+05,1.04E+05,1.22E-03,8.18E-06,1.58E-03,4.91E-06,1.90E-09,0.00E+00,7.69E-04,2.68E-08,4.84E-01,8.53E-03
159000,1.10E+05,1.04E+05,1.22E-03,8.18E-06,1.58E-03,4.92E-06,1.90E-09,0.00E+00,7.69E-04,2.67E-08,4.85E-01,8.53E-03
159600,1.10E+05,1.04E+05,1.22E-03,8.18E-06,1.58E-03,4.93E-06,1.90E-09,0.00E+00,7.69E-04,2.66E-08,4.85E-01,8.53E-03
160200,1.10E+05,1.04E+05,1.22E-03,8.18E-06,1.58E-03,4.93E-06,1.90E-09,0.00E+00,7.68E-04,2.65E-08,4.86E-01,8.53E-03
160800,1.10E+05,1.04E+05,1.22E-03,8.18E-06,1.58E-03,4.94E-06,1.90E-09,0.00E+00,7.68E-04,2.64E-08,4.86E-01,8.53E-03
161400,1.10E+05,1.04E+05,1.22E-03,8.18E-06,1.58E-03,4.95E-06,1.90E-09,0.00E+00,7.68E-04,2.63E-08,4.86E-01,8.53E-03
162000,1.10E+05,1.04E+05,1.22E-03,8.18E-06,1.58E-03,4.96E-06,1.90E-09,0.00E+00,7.67E-04,2.62E-08,4.87E-01,8.53E-03
162600,1.10E+05,1.04E+05,1.21E-03,8.18E-06,1.59E-03,4.96E-06,1.90E-09,0.00E+00,7.67E-04,2.61E-08,4.87E-01,8.53E-03
163200,1.10E+05,1.04E+05,1.21E-03,8.18E-06,1.59E-03,4.97E-06,1.90E-09,0.00E+00,7.67E-04,2.60E-08,4.87E-01,8.53E-03
163800,1.10E+05,1.04E+05,1.21E-03,8.18E-06,1.59E-03,4.98E-06,1.90E-09,0.00E+00,7.66E-04,2.59E-08,4.88E-01,8.53E-03
164400,1.10E+05,1.04E+05,1.21E-03,8.18E-06,1.59E-03,4.98E-06,1.90E-09,0.00E+00,7.66E-04,2.58E-08,4.88E-01,8.53E-03
165000,1.10E+05,1.04E+05,1.21E-03,8.18E-06,1.59E-03,4.99E-06,1.90E-09,0.00E+00,7.66E-04,2.57E-08,4.88E-01,8.53E-03
165600,1.10E+05,1.04E+05,1.21E-03,8.18E-06,1.59E-03,5.00E-06,1.89E-09,0.00E+00,7.65E-04,2.56E-08,4.88E-01,8.53E-03
166200,1.10E+05,1.04E+05,1.21E-03,8.18E-06,1.59E-03,5.01E-06,1.89E-09,0.00E+00,7.65E-04,2.55E-08,4.89E-01,8.53E-03
166800,1.10E+05,1.04E+05,1.21E-03,8.18E-06,1.59E-03,5.01E-06,1.89E-09,0.00E+00,7.65E-04,2.54E-08,4.89E-01,8.53E-03
167400,1.10E+05,1.04E+05,1.21E-03,8.18E-06,1.59E-03,5.02E-06,1.89E-09,0.00E+00,7.65E-04,2.53E-08,4.89E-01,8.53E-03
168000,1.10E+05,1.04E+05,1.21E-03,8.18E-06,1.59E-03,5.03E-06,1.89E-09,0.00E+00,7.64E-04,2.52E-08,4.89E-01,8.53E-03
168600,1.10E+05,1.04E+05,1.21E-03,8.18E-06,1.60E-03,5.04E-06,1.89E-09,0.00E+00,7.64E-04,2.50E-08,4.89E-01,8.53E-03
169200,1.10E+05,1.04E+05,1.21E-03,8.18E-06,1.60E-03,5.04E-06,1.89E-09,0.00E+00,7.64E-04,2.49E-08,4.89E-01,8.53E-03
169800,1.10E+05,1.04E+05,1.21E-03,8.18E-06,1.60E-03,5.05E-06,1.89E-09,0.00E+00,7.63E-04,2.48E-08,4.89E-01,8.53E-03
170400,1.10E+05,1.04E+05,1.21E-03,8.18E-06,1.60E-03,5.06E-06,1.89E-09,0.00E+00,7.63E-04,2.46E-08,4.90E-01,8.53E-03
171000,1.10E+05,1.04E+05,1.21E-03,8.18E-06,1.60E-03,5.07E-06,1.89E-09,0.00E+00,7.62E-04,2.45E-08,4.90E-01,8.53E-03
171600,1.10E+05,1.04E+05,1.21E-03,8.18E-06,1.60E-03,5.07E-06,1.89E-09,0.00E+00,7.62E-04,2.44E-08,4.90E-01,8.53E-03
172200,1.10E+05,1.04E+05,1.21E-03,8.18E-06,1.60E-03,5.08E-06,1.89E-09,0.00E+00,7.62E-04,2.43E-08,4.90E-01,8.53E-03
172800,1.10E+05,1.04E+05,1.21E-03,8.18E-06,1.60E-03,5.09E-06,1.89E-09,0.00E+00,7.62E-04,2.43E-08,4.91E-01,8.53E-03
173400,1.10E+05,1.04E+05,1.21E-03,8.18E-06,1.60E-03,5.10E-06,1.89E-09,0.00E+00,7.62E-04,2.42E-08,4.92E-01,8.53E-03
174000,1.10E+05,1.04E+05,1.21E-03,8.18E-06,1.60E-03,5.10E-06,1.89E-09,0.00E+00,7.62E-04,2.42E-08,4.93E-01,8.53E-03
174600,1.10E+05,1.04E+05,1.21E-03,8.18E-06,1.60E-03,5.11E-06,1.89E-09,0.00E+00,7.62E-04,2.42E-08,4.94E-01,8.53E-03
175200,1.10E+05,1.04E+05,1.21E-03,8.18E-06,1.61E-03,5.12E-06,1.89E-09,0.00E+00,7.62E-04,2.42E-08,4.95E-01,8.53E-03
175800,1.10E+05,1.04E+05,1.21E-03,8.18E-06,1.61E-03,5.13E-06,1.89E-09,0.00E+00,7.62E-04,2.42E-08,4.97E-01,8.53E-03
176400,1.10E+05,1.04E+05,1.21E-03,8.18E-06,1.61E-03,5.13E-06,1.89E-09,0.00E+00,7.62E-04,2.41E-08,4.99E-01,8.53E-03
177000,1.10E+05,1.04E+05,1.21E-03,8.18E-06,1.61E-03,5.14E-06,1.89E-09,0.00E+00,7.61E-04,2.41E-08,5.01E-01,8.53E-03
177600,1.10E+05,1.04E+05,1.20E-03,8.18E-06,1.61E-03,5.15E-06,1.89E-09,0.00E+00,7.61E-04,2.41E-08,5.02E-01,8.53E-03
178200,1.10E+05,1.04E+05,1.20E-03,8.18E-06,1.61E-03,5.16E-06,1.89E-09,0.00E+00,7.61E-04,2.40E-08,5.04E-01,8.53E-03
178800,1.10E+05,1.04E+05,1.20E-03,8.18E-06,1.61E-03,5.16E-06,1.89E-09,0.00E+00,7.61E-04,2.40E-08,5.06E-01,8.53E-03
179400,1.10E+05,1.04E+05,1.20E-03,8.18E-06,1.61E-03,5.17E-06,1.89E-09,0.00E+00,7.61E-04,2.40E-08,5.08E-01,8.53E-03
180000,1.10E+05,1.04E+05,1.20E-03,8.18E-06,1.61E-03,5.18E-06,1.89E-09,0.00E+00,7.61E-04,2.39E-08,5.11E-01,8.53E-03
180600,1.10E+05,1.04E+05,1.20E-03,8.18E-06,1.61E-03,5.19E-06,1.89E-09,0.00E+00,7.61E-04,2.39E-08,5.13E-01,8.53E-03
181200,1.10E+05,1.04E+05,1.20E-03,8.18E-06,1.61E-03,5.20E-06,1.89E-09,0.00E+00,7.61E-04,2.39E-08,5.15E-01,8.53E-03
181800,1.10E+05,1.04E+05,1.20E-03,8.18E-06,1.61E-03,5.20E-06,1.89E-09,0.00E+00,7.61E-04,2.38E-08,5.18E-01,8.53E-03
182400,1.10E+05,1.04E+05,1.20E-03,8.18E-06,1.62E-03,5.21E-06,1.89E-09,0.00E+00,7.61E-04,2.38E-08,5.20E-01,8.53E-03
183000,1.10E+05,1.04E+05,1.20E-03,8.18E-06,1.62E-03,5.22E-06,1.89E-09,0.00E+00,7.61E-04,2.37E-08,5.22E-01,8.53E-03
183600,1.10E+05,1.04E+05,1.20E-03,8.18E-06,1.62E-03,5.23E-06,1.89E-09,0.00E+00,7.61E-04,2.37E-08,5.23E-01,8.53E-03
184200,1.10E+05,1.04E+05,1.20E-03,8.18E-06,1.62E-03,5.23E-06,1.89E-09,0.00E+00,7.61E-04,2.37E-08,5.25E-01,8.53E-03
184800,1.10E+05,1.04E+05,1.20E-03,8.18E-06,1.62E-03,5.24E-06,1.88E-09,0.00E+00,7.61E-04,2.36E-08,5.26E-01,8.53E-03
185400,1.10E+05,1.04E+05,1.20E-03,8.18E-06,1.62E-03,5.25E-06,1.88E-09,0.00E+00,7.61E-04,2.36E-08,5.27E-01,8.53E-03
186000,1.10E+05,1.04E+05,1.20E-03,8.18E-06,1.62E-03,5.26E-06,1.88E-09,0.00E+00,7.60E-04,2.35E-08,5.29E-01,8.53E-03
186600,1.10E+05,1.04E+05,1.20E-03,8.18E-06,1.62E-03,5.27E-06,1.88E-09,0.00E+00,7.60E-04,2.34E-08,5.30E-01,8.53E-03
187200,1.10E+05,1.04E+05,1.20E-03,8.18E-06,1.62E-03,5.27E-06,1.88E-09,0.00E+00,7.60E-04,2.34E-08,5.31E-01,8.53E-03
187800,1.10E+05,1.04E+05,1.20E-03,8.18E-06,1.62E-03,5.28E-06,1.88E-09,0.00E+00,7.60E-04,2.33E-08,5.32E-01,8.53E-03
188400,1.10E+05,1.04E+05,1.20E-03,8.18E-06,1.62E-03,5.29E-06,1.88E-09,0.00E+00,7.60E-04,2.33E-08,5.33E-01,8.53E-03
189000,1.10E+05,1.04E+05,1.20E-03,8.18E-06,1.62E-03,5.30E-06,1.88E-09,0.00E+00,7.60E-04,2.32E-08,5.34E-01,8.53E-03
189600,1.10E+05,1.04E+05,1.20E-03,8.18E-06,1.62E-03,5.31E-06,1.88E-09,0.00E+00,7.60E-04,2.31E-08,5.35E-01,8.53E-03
190200,1.10E+05,1.04E+05,1.20E-03,8.18E-06,1.63E-03,5.31E-06,1.88E-09,0.00E+00,7.60E-04,2.30E-08,5.36E-01,8.53E-03
190800,1.10E+05,1.04E+05,1.20E-03,8.18E-06,1.63E-03,5.32E-06,1.88E-09,0.00E+00,7.60E-04,2.30E-08,5.37E-01,8.53E-03
191400,1.10E+05,1.04E+05,1.20E-03,8.18E-06,1.63E-03,5.33E-06,1.88E-09,0.00E+00,7.60E-04,2.29E-08,5.37E-01,8.53E-03
192000,1.10E+05,1.04E+05,1.19E-03,8.18E-06,1.63E-03,5.34E-06,1.88E-09,0.00E+00,7.59E-04,2.28E-08,5.38E-01,8.53E-03
192600,1.10E+05,1.04E+05,1.19E-03,8.18E-06,1.63E-03,5.35E-06,1.88E-09,0.00E+00,7.59E-04,2.27E-08,5.39E-01,8.53E-03
193200,1.10E+05,1.04E+05,1.19E-03,8.18E-06,1.63E-03,5.36E-06,1.88E-09,0.00E+00,7.59E-04,2.26E-08,5.40E-01,8.53E-03
193800,1.10E+05,1.04E+05,1.19E-03,8.18E-06,1.63E-03,5.36E-06,1.88E-09,0.00E+00,7.59E-04,2.25E-08,5.40E-01,8.53E-03
194400,1.10E+05,1.04E+05,1.19E-03,8.18E-06,1.63E-03,5.37E-06,1.88E-09,0.00E+00,7.59E-04,2.24E-08,5.41E-01,8.53E-03
195000,1.10E+05,1.04E+05,1.19E-03,8.18E-06,1.63E-03,5.38E-06,1.88E-09,0.00E+00,7.59E-04,2.23E-08,5.41E-01,8.53E-03
195600,1.10E+05,1.04E+05,1.19E-03,8.18E-06,1.63E-03,5.39E-06,1.88E-09,0.00E+00,7.59E-04,2.22E-08,5.42E-01,8.53E-03
196200,1.10E+05,1.04E+05,1.19E-03,8.18E-06,1.63E-03,5.40E-06,1.88E-09,0.00E+00,7.59E-04,2.21E-08,5.43E-01,8.53E-03
196800,1.10E+05,1.04E+05,1.19E-03,8.18E-06,1.63E-03,5.41E-06,1.88E-09,0.00E+00,7.59E-04,2.21E-08,5.43E-01,8.53E-03
197400,1.10E+05,1.04E+05,1.19E-03,8.18E-06,1.64E-03,5.41E-06,1.88E-09,0.00E+00,7.59E-04,2.21E-08,5.44E-01,8.53E-03
198000,1.10E+05,1.04E+05,1.19E-03,8.18E-06,1.64E-03,5.42E-06,1.88E-09,0.00E+00,7.59E-04,2.20E-08,5.44E-01,8.53E-03
198600,1.10E+05,1.04E+05,1.19E-03,8.18E-06,1.64E-03,5.43E-06,1.88E-09,0.00E+00,7.59E-04,2.20E-08,5.44E-01,8.53E-03
199200,1.10E+05,1.04E+05,1.19E-03,8.18E-06,1.64E-03,5.44E-06,1.88E-09,0.00E+00,7.59E-04,2.20E-08,5.45E-01,8.53E-03
199800,1.10E+05,1.04E+05,1.19E-03,8.18E-06,1.64E-03,5.44E-06,1.88E-09,0.00E+00,7.59E-04,2.20E-08,5.45E-01,8.53E-03
200400,1.10E+05,1.04E+05,1.19E-03,8.18E-06,1.64E-03,5.45E-06,1.88E-09,0.00E+00,7.59E-04,2.20E-08,5.46E-01,8.53E-03
201000,1.10E+05,1.04E+05,1.19E-03,8.18E-06,1.64E-03,5.46E-06,1.88E-09,0.00E+00,7.59E-04,2.20E-08,5.46E-01,8.53E-03
201600,1.10E+05,1.04E+05,1.19E-03,8.18E-06,1.64E-03,5.47E-06,1.88E-09,0.00E+00,7.60E-04,2.20E-08,5.47E-01,8.53E-03
202200,1.10E+05,1.04E+05,1.19E-03,8.18E-06,1.64E-03,5.48E-06,1.88E-09,0.00E+00,7.60E-04,2.20E-08,5.47E-01,8.53E-03
202800,1.10E+05,1.04E+05,1.18E-03,8.18E-06,1.64E-03,5.48E-06,1.88E-09,0.00E+00,7.60E-04,2.19E-08,5.47E-01,8.53E-03
203400,1.10E+05,1.04E+05,1.18E-03,8.18E-06,1.65E-03,5.49E-06,1.88E-09,0.00E+00,7.60E-04,2.19E-08,5.48E-01,8.53E-03
204000,1.10E+05,1.04E+05,1.18E-03,8.18E-06,1.65E-03,5.50E-06,1.88E-09,0.00E+00,7.60E-04,2.19E-08,5.48E-01,8.53E-03
204600,1.10E+05,1.04E+05,1.18E-03,8.18E-06,1.65E-03,5.51E-06,1.88E-09,0.00E+00,7.60E-04,2.19E-08,5.48E-01,8.53E-03
205200,1.10E+05,1.04E+05,1.18E-03,8.18E-06,1.65E-03,5.52E-06,1.87E-09,0.00E+00,7.60E-04,2.18E-08,5.49E-01,8.53E-03
205800,1.10E+05,1.04E+05,1.18E-03,8.18E-06,1.65E-03,5.52E-06,1.87E-09,0.00E+00,7.61E-04,2.18E-08,5.49E-01,8.53E-03
206400,1.10E+05,1.04E+05,1.18E-03,8.18E-06,1.65E-03,5.53E-06,1.87E-09,0.00E+00,7.61E-04,2.18E-08,5.50E-01,8.53E-03
207000,1.10E+05,1.04E+05,1.18E-03,8.18E-06,1.65E-03,5.54E-06,1.87E-09,0.00E+00,7.61E-04,2.17E-08,5.50E-01,8.53E-03
207600,1.10E+05,1.04E+05,1.18E-03,8.18E-06,1.65E-03,5.55E-06,1.87E-09,0.00E+00,7.61E-04,2.17E-08,5.50E-01,8.53E-03
208200,1.10E+05,1.04E+05,1.18E-03,8.18E-06,1.66E-03,5.56E-06,1.87E-09,0.00E+00,7.61E-04,2.17E-08,5.51E-01,8.53E-03
208800,1.10E+05,1.04E+05,1.18E-03,8.18E-06,1.66E-03,5.56E-06,1.87E-09,0.00E+00,7.61E-04,2.16E-08,5.51E-01,8.53E-03
209400,1.10E+05,1.04E+05,1.18E-03,8.18E-06,1.66E-03,5.57E-06,1.87E-09,0.00E+00,7.61E-04,2.16E-08,5.52E-01,8.53E-03
210000,1.10E+05,1.04E+05,1.17E-03,8.18E-06,1.66E-03,5.58E-06,1.87E-09,0.00E+00,7.61E-04,2.15E-08,5.53E-01,8.53E-03
210600,1.10E+05,1.04E+05,1.17E-03,8.18E-06,1.66E-03,5.59E-06,1.87E-09,0.00E+00,7.62E-04,2.15E-08,5.53E-01,8.53E-03
211200,1.10E+05,1.04E+05,1.17E-03,8.18E-06,1.66E-03,5.59E-06,1.87E-09,0.00E+00,7.62E-04,2.14E-08,5.54E-01,8.53E-03
211800,1.10E+05,1.04E+05,1.17E-03,8.18E-06,1.66E-03,5.60E-06,1.87E-09,0.00E+00,7.62E-04,2.14E-08,5.54E-01,8.53E-03
212400,1.10E+05,1.04E+05,1.17E-03,8.18E-06,1.67E-03,5.61E-06,1.87E-09,0.00E+00,7.62E-04,2.13E-08,5.55E-01,8.53E-03
213000,1.10E+05,1.04E+05,1.17E-03,8.18E-06,1.67E-03,5.62E-06,1.87E-09,0.00E+00,7.62E-04,2.12E-08,5.56E-01,8.53E-03
213600,1.10E+05,1.04E+05,1.17E-03,8.18E-06,1.67E-03,5.63E-06,1.87E-09,0.00E+00,7.62E-04,2.12E-08,5.56E-01,8.53E-03
214200,1.10E+05,1.04E+05,1.17E-03,8.18E-06,1.67E-03,5.63E-06,1.87E-09,0.00E+00,7.62E-04,2.11E-08,5.57E-01,8.53E-03
214800,1.10E+05,1.04E+05,1.15E-03,2.40E-05,1.67E-03,5.64E-06,1.87E-09,0.00E+00,7.62E-04,2.10E-08,5.58E-01,8.53E-03
215400,1.10E+05,1.04E+05,1.15E-03,2.40E-05,1.68E-03,5.65E-06,1.87E-09,0.00E+00,7.62E-04,2.09E-08,5.58E-01,8.53E-03
216000,1.10E+05,1.04E+05,1.15E-03,2.40E-05,1.68E-03,5.66E-06,1.87E-09,0.00E+00,7.62E-04,2.08E-08,5.59E-01,8.53E-03
216600,1.10E+05,1.04E+05,1.14E-03,2.40E-05,1.68E-03,5.67E-06,1.87E-09,0.00E+00,7.62E-04,2.07E-08,5.59E-01,8.53E-03
217200,1.10E+05,1.04E+05,1.14E-03,2.40E-05,1.68E-03,5.67E-06,1.87E-09,0.00E+00,7.62E-04,2.06E-08,5.60E-01,8.53E-03
217800,1.10E+05,1.04E+05,1.14E-03,2.40E-05,1.69E-03,5.68E-06,1.87E-09,0.00E+00,7.62E-04,2.05E-08,5.60E-01,8.53E-03
218400,1.10E+05,1.04E+05,1.14E-03,2.40E-05,1.69E-03,5.69E-06,1.87E-09,0.00E+00,7.62E-04,2.04E-08,5.61E-01,8.53E-03
219000,1.10E+05,1.04E+05,1.14E-03,2.40E-05,1.69E-03,5.70E-06,1.87E-09,0.00E+00,7.62E-04,2.03E-08,5.61E-01,8.53E-03
219600,1.10E+05,1.04E+05,1.13E-03,2.40E-05,1.69E-03,5.71E-06,1.87E-09,0.00E+00,7.61E-04,2.02E-08,5.62E-01,8.53E-03
220200,1.10E+05,1.04E+05,1.13E-03,2.40E-05,1.70E-03,5.71E-06,1.87E-09,0.00E+00,7.61E-04,2.01E-08,5.62E-01,8.53E-03
220800,1.10E+05,1.04E+05,1.13E-03,2.40E-05,1.70E-03,5.72E-06,1.87E-09,0.00E+00,7.61E-04,2.00E-08,5.62E-01,8.53E-03
221400,1.10E+05,1.04E+05,1.13E-03,2.40E-05,1.71E-03,5.73E-06,1.87E-09,0.00E+00,7.61E-04,1.98E-08,5.63E-01,8.53E-03
222000,1.10E+05,1.04E+05,1.12E-03,2.40E-05,1.71E-03,5.74E-06,1.87E-09,0.00E+00,7.61E-04,1.97E-08,5.63E-01,8.53E-03
222600,1.10E+05,1.04E+05,1.12E-03,2.40E-05,1.72E-03,5.75E-06,1.87E-09,0.00E+00,7.61E-04,1.96E-08,5.63E-01,8.53E-03
223200,1.10E+05,1.04E+05,1.11E-03,2.40E-05,1.72E-03,5.76E-06,1.87E-09,0.00E+00,7.60E-04,1.94E-08,5.64E-01,8.53E-03
223800,1.10E+05,1.04E+05,1.11E-03,2.40E-05,1.73E-03,5.77E-06,1.87E-09,0.00E+00,7.60E-04,1.92E-08,5.64E-01,8.53E-03
224400,1.10E+05,1.04E+05,1.11E-03,2.40E-05,1.73E-03,5.78E-06,1.87E-09,0.00E+00,7.59E-04,1.90E-08,5.64E-01,8.53E-03
225000,1.10E+05,1.04E+05,1.10E-03,2.40E-05,1.74E-03,5.80E-06,1.87E-09,0.00E+00,7.59E-04,1.88E-08,5.64E-01,8.53E-03
225600,1.10E+05,1.04E+05,1.09E-03,2.40E-05,1.75E-03,5.81E-06,1.87E-09,0.00E+00,7.58E-04,1.85E-08,5.65E-01,8.53E-03
226200,1.10E+05,1.04E+05,1.08E-03,2.40E-05,1.76E-03,5.83E-06,1.87E-09,0.00E+00,7.57E-04,1.82E-08,5.65E-01,8.53E-03
226800,1.10E+05,1.04E+05,1.08E-03,2.40E-05,1.77E-03,5.84E-06,1.87E-09,0.00E+00,7.56E-04,1.78E-08,5.65E-01,8.53E-03
227400,1.10E+05,1.04E+05,1.06E-03,2.40E-05,1.79E-03,5.87E-06,1.87E-09,0.00E+00,7.55E-04,1.74E-08,5.65E-01,8.53E-03
228000,1.10E+05,1.04E+05,1.03E-03,4.70E-05,1.81E-03,5.89E-06,1.87E-09,0.00E+00,7.53E-04,1.69E-08,5.65E-01,8.53E-03
228600,1.10E+05,1.04E+05,1.01E-03,4.70E-05,1.83E-03,5.93E-06,1.87E-09,0.00E+00,7.51E-04,1.62E-08,5.65E-01,8.53E-03
229200,1.10E+05,1.04E+05,1.02E-03,1.98E-05,1.86E-03,5.97E-06,1.87E-09,0.00E+00,7.49E-04,1.55E-08,5.65E-01,8.53E-03
229800,1.10E+05,1.04E+05,1.02E-03,1.20E-05,1.87E-03,5.99E-06,1.86E-09,0.00E+00,7.48E-04,1.52E-08,5.65E-01,8.53E-03
230400,1.10E+05,1.04E+05,1.02E-03,9.33E-06,1.87E-03,6.00E-06,1.86E-09,0.00E+00,7.48E-04,1.51E-08,5.68E-01,8.53E-03
231000,1.10E+05,1.04E+05,1.02E-03,8.29E-06,1.87E-03,6.01E-06,1.86E-09,0.00E+00,7.48E-04,1.51E-08,5.71E-01,8.53E-03
231600,1.10E+05,1.04E+05,1.02E-03,7.92E-06,1.87E-03,6.02E-06,1.86E-09,0.00E+00,7.48E-04,1.52E-08,5.74E-01,8.53E-03
232200,1.10E+05,1.04E+05,1.02E-03,7.79E-06,1.87E-03,6.03E-06,1.86E-09,0.00E+00,7.48E-04,1.53E-08,5.78E-01,8.53E-03
232800,1.10E+05,1.04E+05,1.02E-03,7.63E-06,1.87E-03,6.04E-06,1.86E-09,0.00E+00,7.48E-04,1.53E-08,5.81E-01,8.53E-03
233400,1.10E+05,1.04E+05,1.02E-03,7.62E-06,1.87E-03,6.05E-06,1.86E-09,0.00E+00,7.49E-04,1.54E-08,5.84E-01,8.53E-03
234000,1.10E+05,1.04E+05,1.02E-03,7.58E-06,1.88E-03,6.06E-06,1.86E-09,0.00E+00,7.49E-04,1.55E-08,5.87E-01,8.53E-03
234600,1.10E+05,1.04E+05,1.02E-03,7.49E-06,1.88E-03,6.06E-06,1.86E-09,0.00E+00,7.49E-04,1.56E-08,5.89E-01,8.53E-03
235200,1.10E+05,1.04E+05,1.02E-03,7.49E-06,1.88E-03,6.07E-06,1.86E-09,0.00E+00,7.49E-04,1.56E-08,5.91E-01,8.53E-03
235800,1.10E+05,1.04E+05,1.02E-03,7.49E-06,1.88E-03,6.08E-06,1.86E-09,0.00E+00,7.49E-04,1.57E-08,5.93E-01,8.53E-03
236400,1.10E+05,1.04E+05,1.02E-03,7.49E-06,1.88E-03,6.09E-06,1.86E-09,0.00E+00,7.49E-04,1.58E-08,5.95E-01,8.53E-03
237000,1.10E+05,1.04E+05,1.01E-03,7.49E-06,1.88E-03,6.10E-06,1.86E-09,0.00E+00,7.49E-04,1.59E-08,5.96E-01,8.53E-03
237600,1.10E+05,1.04E+05,1.01E-03,7.49E-06,1.88E-03,6.11E-06,1.86E-09,0.00E+00,7.50E-04,1.59E-08,5.98E-01,8.53E-03
238200,1.10E+05,1.04E+05,1.01E-03,7.49E-06,1.88E-03,6.11E-06,1.86E-09,0.00E+00,7.50E-04,1.60E-08,5.99E-01,8.53E-03
238800,1.10E+05,1.04E+05,1.01E-03,7.49E-06,1.88E-03,6.12E-06,1.86E-09,0.00E+00,7.50E-04,1.61E-08,6.00E-01,8.53E-03
239400,1.10E+05,1.04E+05,1.01E-03,7.49E-06,1.88E-03,6.13E-06,1.86E-09,0.00E+00,7.50E-04,1.61E-08,6.01E-01,8.53E-03
240000,1.10E+05,1.04E+05,1.01E-03,7.49E-06,1.88E-03,6.14E-06,1.86E-09,0.00E+00,7.50E-04,1.62E-08,6.02E-01,8.53E-03
240600,1.10E+05,1.04E+05,1.01E-03,7.49E-06,1.88E-03,6.15E-06,1.86E-09,0.00E+00,7.50E-04,1.63E-08,6.03E-01,8.53E-03
241200,1.10E+05,1.04E+05,1.01E-03,7.49E-06,1.88E-03,6.15E-06,1.86E-09,0.00E+00,7.50E-04,1.63E-08,6.04E-01,8.53E-03
241800,1.10E+05,1.04E+05,1.01E-03,7.49E-06,1.88E-03,6.16E-06,1.86E-09,0.00E+00,7.51E-04,1.64E-08,6.05E-01,8.53E-03
242400,1.10E+05,1.04E+05,1.01E-03,7.49E-06,1.89E-03,6.17E-06,1.86E-09,0.00E+00,7.51E-04,1.65E-08,6.05E-01,8.53E-03
243000,1.10E+05,1.04E+05,1.01E-03,7.49E-06,1.89E-03,6.18E-06,1.86E-09,0.00E+00,7.51E-04,1.66E-08,6.06E-01,8.53E-03
243600,1.10E+05,1.04E+05,1.01E-03,7.49E-06,1.89E-03,6.19E-06,1.86E-09,0.00E+00,7.51E-04,1.66E-08,6.07E-01,8.53E-03
244200,1.10E+05,1.04E+05,1.01E-03,7.49E-06,1.89E-03,6.19E-06,1.86E-09,0.00E+00,7.51E-04,1.67E-08,6.07E-01,8.53E-03
244800,1.10E+05,1.04E+05,1.01E-03,7.49E-06,1.89E-03,6.20E-06,1.86E-09,0.00E+00,7.51E-04,1.68E-08,6.08E-01,8.53E-03
245400,1.10E+05,1.04E+05,1.01E-03,7.49E-06,1.89E-03,6.21E-06,1.86E-09,0.00E+00,7.51E-04,1.69E-08,6.08E-01,8.53E-03
246000,1.10E+05,1.04E+05,1.01E-03,7.49E-06,1.89E-03,6.22E-06,1.86E-09,0.00E+00,7.51E-04,1.69E-08,6.09E-01,8.53E-03
246600,1.10E+05,1.04E+05,1.01E-03,7.49E-06,1.89E-03,6.23E-06,1.86E-09,0.00E+00,7.52E-04,1.70E-08,6.09E-01,8.53E-03
247200,1.10E+05,1.04E+05,1.01E-03,7.49E-06,1.89E-03,6.24E-06,1.86E-09,0.00E+00,7.52E-04,1.71E-08,6.10E-01,8.53E-03
247800,1.10E+05,1.04E+05,1.01E-03,7.49E-06,1.89E-03,6.24E-06,1.86E-09,0.00E+00,7.52E-04,1.72E-08,6.10E-01,8.53E-03
248400,1.10E+05,1.04E+05,1.01E-03,7.49E-06,1.89E-03,6.25E-06,1.86E-09,0.00E+00,7.52E-04,1.72E-08,6.11E-01,8.53E-03
249000,1.10E+05,1.04E+05,1.01E-03,7.49E-06,1.89E-03,6.26E-06,1.86E-09,0.00E+00,7.52E-04,1.73E-08,6.11E-01,8.53E-03
249600,1.10E+05,1.04E+05,1.01E-03,7.49E-06,1.89E-03,6.27E-06,1.86E-09,0.00E+00,7.52E-04,1.74E-08,6.12E-01,8.53E-03
250200,1.10E+05,1.04E+05,1.01E-03,7.49E-06,1.89E-03,6.28E-06,1.86E-09,0.00E+00,7.52E-04,1.75E-08,6.12E-01,8.53E-03
250800,1.10E+05,1.04E+05,1.01E-03,7.49E-06,1.90E-03,6.28E-06,1.85E-09,0.00E+00,7.53E-04,1.75E-08,6.13E-01,8.53E-03
251400,1.10E+05,1.04E+05,1.01E-03,7.49E-06,1.90E-03,6.29E-06,1.85E-09,0.00E+00,7.53E-04,1.76E-08,6.13E-01,8.53E-03
252000,1.10E+05,1.04E+05,1.00E-03,7.49E-06,1.90E-03,6.30E-06,1.85E-09,0.00E+00,7.53E-04,1.77E-08,6.13E-01,8.53E-03
252600,1.10E+05,1.04E+05,1.00E-03,7.49E-06,1.90E-03,6.31E-06,1.85E-09,0.00E+00,7.53E-04,1.78E-08,6.14E-01,8.53E-03
253200,1.10E+05,1.04E+05,1.00E-03,7.49E-06,1.90E-03,6.32E-06,1.85E-09,0.00E+00,7.53E-04,1.79E-08,6.14E-01,8.53E-03
253800,1.10E+05,1.04E+05,1.00E-03,7.49E-06,1.90E-03,6.32E-06,1.85E-09,0.00E+00,7.53E-04,1.79E-08,6.15E-01,8.53E-03
254400,1.10E+05,1.04E+05,1.00E-03,7.49E-06,1.90E-03,6.33E-06,1.85E-09,0.00E+00,7.53E-04,1.80E-08,6.15E-01,8.53E-03
255000,1.10E+05,1.04E+05,1.00E-03,7.49E-06,1.90E-03,6.34E-06,1.85E-09,0.00E+00,7.54E-04,1.81E-08,6.15E-01,8.53E-03
255600,1.10E+05,1.04E+05,1.00E-03,7.49E-06,1.90E-03,6.35E-06,1.85E-09,0.00E+00,7.54E-04,1.82E-08,6.16E-01,8.53E-03
256200,1.10E+05,1.04E+05,1.00E-03,7.49E-06,1.90E-03,6.36E-06,1.85E-09,0.00E+00,7.54E-04,1.82E-08,6.16E-01,8.53E-03
256800,1.10E+05,1.04E+05,1.00E-03,7.49E-06,1.90E-03,6.37E-06,1.85E-09,0.00E+00,7.54E-04,1.83E-08,6.16E-01,8.53E-03
257400,1.10E+05,1.04E+05,1.00E-03,7.49E-06,1.90E-03,6.37E-06,1.85E-09,0.00E+00,7.54E-04,1.84E-08,6.17E-01,8.53E-03
258000,1.10E+05,1.04E+05,1.00E-03,7.49E-06,1.90E-03,6.38E-06,1.85E-09,0.00E+00,7.54E-04,1.85E-08,6.17E-01,8.53E-03
258600,1.10E+05,1.04E+05,1.00E-03,7.49E-06,1.90E-03,6.39E-06,1.85E-09,0.00E+00,7.54E-04,1.86E-08,6.18E-01,8.53E-03
259200,1.10E+05,1.04E+05,1.00E-03,7.49E-06,1.90E-03,6.40E-06,1.85E-09,0.00E+00,7.55E-04,1.86E-08,6.19E-01,8.53E-03
259800,1.10E+05,1.04E+05,1.00E-03,7.49E-06,1.91E-03,6.41E-06,1.85E-09,0.00E+00,7.55E-04,1.87E-08,6.19E-01,8.53E-03
260400,1.10E+05,1.04E+05,1.00E-03,7.49E-06,1.91E-03,6.42E-06,1.85E-09,0.00E+00,7.55E-04,1.88E-08,6.20E-01,8.53E-03
261000,1.10E+05,1.04E+05,1.00E-03,7.49E-06,1.91E-03,6.43E-06,1.85E-09,0.00E+00,7.55E-04,1.89E-08,6.22E-01,8.53E-03
261600,1.10E+05,1.04E+05,9.99E-04,7.49E-06,1.91E-03,6.43E-06,1.85E-09,0.00E+00,7.55E-04,1.89E-08,6.23E-01,8.53E-03
262200,1.10E+05,1.04E+05,9.99E-04,7.49E-06,1.91E-03,6.44E-06,1.85E-09,0.00E+00,7.55E-04,1.90E-08,6.24E-01,8.53E-03
262800,1.10E+05,1.04E+05,9.99E-04,7.49E-06,1.91E-03,6.45E-06,1.85E-09,0.00E+00,7.55E-04,1.91E-08,6.25E-01,8.53E-03
263400,1.10E+05,1.04E+05,9.98E-04,7.49E-06,1.91E-03,6.46E-06,1.85E-09,0.00E+00,7.56E-04,1.92E-08,6.27E-01,8.53E-03
264000,1.10E+05,1.04E+05,9.98E-04,7.49E-06,1.91E-03,6.47E-06,1.85E-09,0.00E+00,7.56E-04,1.93E-08,6.28E-01,8.53E-03
264600,1.10E+05,1.04E+05,9.98E-04,7.49E-06,1.91E-03,6.48E-06,1.85E-09,0.00E+00,7.56E-04,1.93E-08,6.30E-01,8.53E-03
265200,1.10E+05,1.04E+05,9.97E-04,7.49E-06,1.91E-03,6.48E-06,1.85E-09,0.00E+00,7.56E-04,1.94E-08,6.31E-01,8.53E-03
265800,1.10E+05,1.04E+05,9.97E-04,7.49E-06,1.91E-03,6.49E-06,1.85E-09,0.00E+00,7.56E-04,1.95E-08,6.32E-01,8.53E-03
266400,1.10E+05,1.04E+05,9.97E-04,7.49E-06,1.91E-03,6.50E-06,1.85E-09,0.00E+00,7.56E-04,1.96E-08,6.34E-01,8.53E-03
267000,1.10E+05,1.04E+05,9.96E-04,7.49E-06,1.91E-03,6.51E-06,1.85E-09,0.00E+00,7.57E-04,1.96E-08,6.35E-01,8.53E-03
267600,1.10E+05,1.04E+05,9.96E-04,7.49E-06,1.91E-03,6.52E-06,1.85E-09,0.00E+00,7.57E-04,1.97E-08,6.36E-01,8.53E-03
268200,1.10E+05,1.04E+05,9.96E-04,7.49E-06,1.91E-03,6.53E-06,1.85E-09,0.00E+00,7.57E-04,1.98E-08,6.37E-01,8.53E-03
268800,1.10E+05,1.04E+05,9.95E-04,7.49E-06,1.92E-03,6.54E-06,1.85E-09,0.00E+00,7.57E-04,1.99E-08,6.38E-01,8.53E-03
269400,1.10E+05,1.04E+05,9.95E-04,7.49E-06,1.92E-03,6.55E-06,1.85E-09,0.00E+00,7.57E-04,1.99E-08,6.39E-01,8.53E-03
270000,1.10E+05,1.04E+05,9.95E-04,7.49E-06,1.92E-03,6.55E-06,1.85E-09,0.00E+00,7.57E-04,2.00E-08,6.40E-01,8.53E-03
270600,1.10E+05,1.04E+05,9.94E-04,7.49E-06,1.92E-03,6.56E-06,1.85E-09,0.00E+00,7.58E-04,2.01E-08,6.41E-01,8.53E-03
271200,1.10E+05,1.04E+05,9.94E-04,7.49E-06,1.92E-03,6.57E-06,1.85E-09,0.00E+00,7.58E-04,2.02E-08,6.42E-01,8.53E-03
271800,1.10E+05,1.04E+05,9.94E-04,7.49E-06,1.92E-03,6.58E-06,1.85E-09,0.00E+00,7.58E-04,2.02E-08,6.43E-01,8.53E-03
272400,1.10E+05,1.04E+05,9.93E-04,7.49E-06,1.92E-03,6.59E-06,1.85E-09,0.00E+00,7.58E-04,2.03E-08,6.44E-01,8.53E-03
273000,1.10E+05,1.04E+05,9.93E-04,7.49E-06,1.92E-03,6.60E-06,1.85E-09,0.00E+00,7.58E-04,2.04E-08,6.45E-01,8.53E-03
273600,1.10E+05,1.04E+05,9.93E-04,7.49E-06,1.92E-03,6.61E-06,1.85E-09,0.00E+00,7.58E-04,2.05E-08,6.46E-01,8.53E-03
274200,1.10E+05,1.04E+05,9.92E-04,7.49E-06,1.92E-03,6.61E-06,1.85E-09,0.00E+00,7.58E-04,2.05E-08,6.47E-01,8.53E-03
274800,1.10E+05,1.04E+05,9.92E-04,7.49E-06,1.92E-03,6.62E-06,1.85E-09,0.00E+00,7.59E-04,2.06E-08,6.47E-01,8.53E-03
275400,1.10E+05,1.04E+05,9.92E-04,7.49E-06,1.92E-03,6.63E-06,1.85E-09,0.00E+00,7.59E-04,2.07E-08,6.48E-01,8.53E-03
276000,1.10E+05,1.04E+05,9.91E-04,7.49E-06,1.92E-03,6.64E-06,1.85E-09,0.00E+00,7.59E-04,2.08E-08,6.49E-01,8.53E-03
276600,1.10E+05,1.04E+05,9.91E-04,7.49E-06,1.92E-03,6.65E-06,1.84E-09,0.00E+00,7.59E-04,2.08E-08,6.49E-01,8.53E-03
277200,1.10E+05,1.04E+05,9.90E-04,7.49E-06,1.92E-03,6.66E-06,1.84E-09,0.00E+00,7.59E-04,2.09E-08,6.50E-01,8.53E-03
277800,1.10E+05,1.04E+05,9.90E-04,7.49E-06,1.93E-03,6.67E-06,1.84E-09,0.00E+00,7.60E-04,2.10E-08,6.50E-01,8.53E-03
278400,1.10E+05,1.04E+05,9.90E-04,7.49E-06,1.93E-03,6.68E-06,1.84E-09,0.00E+00,7.60E-04,2.10E-08,6.50E-01,8.53E-03
279000,1.10E+05,1.04E+05,9.89E-04,7.49E-06,1.93E-03,6.69E-06,1.84E-09,0.00E+00,7.60E-04,2.11E-08,6.51E-01,8.53E-03
279600,1.10E+05,1.04E+05,9.89E-04,7.49E-06,1.93E-03,6.69E-06,1.84E-09,0.00E+00,7.60E-04,2.12E-08,6.51E-01,8.53E-03
280200,1.10E+05,1.04E+05,9.89E-04,7.49E-06,1.93E-03,6.70E-06,1.84E-09,0.00E+00,7.60E-04,2.13E-08,6.51E-01,8.53E-03
280800,1.10E+05,1.04E+05,9.88E-04,7.49E-06,1.93E-03,6.71E-06,1.84E-09,0.00E+00,7.60E-04,2.13E-08,6.52E-01,8.53E-03
281400,1.10E+05,1.04E+05,9.88E-04,7.49E-06,1.93E-03,6.72E-06,1.84E-09,0.00E+00,7.61E-04,2.14E-08,6.52E-01,8.53E-03
282000,1.10E+05,1.04E+05,9.87E-04,7.49E-06,1.93E-03,6.73E-06,1.84E-09,0.00E+00,7.61E-04,2.15E-08,6.52E-01,8.53E-03
282600,1.10E+05,1.04E+05,9.87E-04,7.49E-06,1.93E-03,6.74E-06,1.84E-09,0.00E+00,7.61E-04,2.15E-08,6.52E-01,8.53E-03
283200,1.10E+05,1.04E+05,9.87E-04,7.49E-06,1.93E-03,6.75E-06,1.84E-09,0.00E+00,7.61E-04,2.16E-08,6.53E-01,8.53E-03
283800,1.10E+05,1.04E+05,9.86E-04,7.49E-06,1.93E-03,6.76E-06,1.84E-09,0.00E+00,7.61E-04,2.17E-08,6.53E-01,8.53E-03
284400,1.10E+05,1.04E+05,9.86E-04,7.49E-06,1.93E-03,6.77E-06,1.84E-09,0.00E+00,7.61E-04,2.17E-08,6.53E-01,8.53E-03
285000,1.10E+05,1.04E+05,9.85E-04,7.49E-06,1.93E-03,6.77E-06,1.84E-09,0.00E+00,7.62E-04,2.18E-08,6.53E-01,8.53E-03
285600,1.10E+05,1.04E+05,9.85E-04,7.49E-06,1.93E-03,6.78E-06,1.84E-09,0.00E+00,7.62E-04,2.19E-08,6.54E-01,8.53E-03
286200,1.10E+05,1.04E+05,9.85E-04,7.49E-06,1.94E-03,6.79E-06,1.84E-09,0.00E+00,7.62E-04,2.19E-08,6.54E-01,8.53E-03
286800,1.10E+05,1.04E+05,9.84E-04,7.49E-06,1.94E-03,6.80E-06,1.84E-09,0.00E+00,7.62E-04,2.20E-08,6.54E-01,8.53E-03
287400,1.10E+05,1.04E+05,9.84E-04,7.49E-06,1.94E-03,6.81E-06,1.84E-09,0.00E+00,7.62E-04,2.21E-08,6.55E-01,8.53E-03
288000,1.10E+05,1.04E+05,9.83E-04,7.49E-06,1.94E-03,6.82E-06,1.84E-09,0.00E+00,7.63E-04,2.21E-08,6.55E-01,8.53E-03
288600,1.10E+05,1.04E+05,9.83E-04,7.49E-06,1.94E-03,6.83E-06,1.84E-09,0.00E+00,7.63E-04,2.22E-08,6.55E-01,8.53E-03
289200,1.10E+05,1.04E+05,9.82E-04,7.49E-06,1.94E-03,6.84E-06,1.84E-09,0.00E+00,7.63E-04,2.23E-08,6.56E-01,8.53E-03
289800,1.10E+05,1.04E+05,9.82E-04,7.49E-06,1.94E-03,6.85E-06,1.84E-09,0.00E+00,7.63E-04,2.23E-08,6.56E-01,8.53E-03
290400,1.10E+05,1.04E+05,9.82E-04,7.49E-06,1.94E-03,6.86E-06,1.84E-09,0.00E+00,7.63E-04,2.24E-08,6.56E-01,8.53E-03
291000,1.10E+05,1.04E+05,9.81E-04,7.49E-06,1.94E-03,6.86E-06,1.84E-09,0.00E+00,7.64E-04,2.24E-08,6.57E-01,8.53E-03
291600,1.10E+05,1.04E+05,9.81E-04,7.49E-06,1.94E-03,6.87E-06,1.84E-09,0.00E+00,7.64E-04,2.25E-08,6.57E-01,8.53E-03
292200,1.10E+05,1.04E+05,9.80E-04,7.49E-06,1.94E-03,6.88E-06,1.84E-09,0.00E+00,7.64E-04,2.26E-08,6.58E-01,8.53E-03
292800,1.10E+05,1.04E+05,9.80E-04,7.49E-06,1.94E-03,6.89E-06,1.84E-09,0.00E+00,7.64E-04,2.26E-08,6.58E-01,8.53E-03
293400,1.10E+05,1.04E+05,9.79E-04,7.49E-06,1.94E-03,6.90E-06,1.84E-09,0.00E+00,7.64E-04,2.27E-08,6.58E-01,8.53E-03
294000,1.10E+05,1.04E+05,9.79E-04,7.49E-06,1.95E-03,6.91E-06,1.84E-09,0.00E+00,7.65E-04,2.27E-08,6.58E-01,8.53E-03
294600,1.10E+05,1.04E+05,9.78E-04,7.49E-06,1.95E-03,6.92E-06,1.84E-09,0.00E+00,7.65E-04,2.28E-08,6.59E-01,8.53E-03
295200,1.10E+05,1.04E+05,9.78E-04,7.49E-06,1.95E-03,6.93E-06,1.84E-09,0.00E+00,7.65E-04,2.28E-08,6.59E-01,8.53E-03
295800,1.10E+05,1.04E+05,9.77E-04,7.49E-06,1.95E-03,6.94E-06,1.84E-09,0.00E+00,7.65E-04,2.29E-08,6.59E-01,8.53E-03
296400,1.10E+05,1.04E+05,9.77E-04,7.49E-06,1.95E-03,6.95E-06,1.84E-09,0.00E+00,7.65E-04,2.30E-08,6.60E-01,8.53E-03
297000,1.10E+05,1.04E+05,9.76E-04,7.49E-06,1.95E-03,6.96E-06,1.84E-09,0.00E+00,7.65E-04,2.30E-08,6.60E-01,8.53E-03
297600,1.10E+05,1.04E+05,9.76E-04,7.49E-06,1.95E-03,6.97E-06,1.84E-09,0.00E+00,7.66E-04,2.31E-08,6.60E-01,8.53E-03
298200,1.10E+05,1.04E+05,9.75E-04,7.49E-06,1.95E-03,6.97E-06,1.84E-09,0.00E+00,7.66E-04,2.31E-08,6.61E-01,8.53E-03
298800,1.10E+05,1.04E+05,9.74E-04,7.49E-06,1.95E-03,6.98E-06,1.84E-09,0.00E+00,7.66E-04,2.32E-08,6.61E-01,8.53E-03
299400,1.10E+05,1.04E+05,9.74E-04,7.49E-06,1.95E-03,6.99E-06,1.84E-09,0.00E+00,7.66E-04,2.32E-08,6.62E-01,8.53E-03
300000,1.10E+05,1.04E+05,9.73E-04,7.49E-06,1.95E-03,7.00E-06,1.84E-09,0.00E+00,7.66E-04,2.33E-08,6.62E-01,8.53E-03
300600,1.10E+05,1.04E+05,9.73E-04,7.49E-06,1.96E-03,7.01E-06,1.84E-09,0.00E+00,7.67E-04,2.33E-08,6.62E-01,8.53E-03
301200,1.10E+05,1.04E+05,9.72E-04,7.49E-06,1.96E-03,7.02E-06,1.84E-09,0.00E+00,7.67E-04,2.33E-08,6.63E-01,8.53E-03
301800,1.10E+05,1.04E+05,9.71E-04,7.49E-06,1.96E-03,7.03E-06,1.84E-09,0.00E+00,7.67E-04,2.34E-08,6.63E-01,8.53E-03
302400,1.10E+05,1.04E+05,9.71E-04,7.49E-06,1.96E-03,7.04E-06,1.84E-09,0.00E+00,7.67E-04,2.34E-08,6.64E-01,8.53E-03
303000,1.10E+05,1.04E+05,9.70E-04,7.49E-06,1.96E-03,7.05E-06,1.84E-09,0.00E+00,7.67E-04,2.34E-08,6.64E-01,8.53E-03
303600,1.10E+05,1.04E+05,9.69E-04,7.49E-06,1.96E-03,7.06E-06,1.84E-09,0.00E+00,7.68E-04,2.35E-08,6.65E-01,8.53E-03
304200,1.10E+05,1.04E+05,9.68E-04,7.49E-06,1.96E-03,7.07E-06,1.84E-09,0.00E+00,7.68E-04,2.35E-08,6.65E-01,8.53E-03
304800,1.10E+05,1.04E+05,9.68E-04,7.49E-06,1.96E-03,7.08E-06,1.83E-09,0.00E+00,7.68E-04,2.35E-08,6.65E-01,8.53E-03
305400,1.10E+05,1.04E+05,9.67E-04,7.49E-06,1.97E-03,7.09E-06,1.83E-09,0.00E+00,7.68E-04,2.36E-08,6.66E-01,8.53E-03
306000,1.10E+05,1.04E+05,9.66E-04,7.49E-06,1.97E-03,7.10E-06,1.83E-09,0.00E+00,7.68E-04,2.36E-08,6.66E-01,8.53E-03
306600,1.10E+05,1.04E+05,9.65E-04,7.49E-06,1.97E-03,7.11E-06,1.83E-09,0.00E+00,7.68E-04,2.36E-08,6.66E-01,8.53E-03
307200,1.10E+05,1.04E+05,9.64E-04,7.49E-06,1.97E-03,7.12E-06,1.83E-09,0.00E+00,7.69E-04,2.36E-08,6.67E-01,8.53E-03
307800,1.10E+05,1.04E+05,9.63E-04,7.49E-06,1.97E-03,7.13E-06,1.83E-09,0.00E+00,7.69E-04,2.36E-08,6.67E-01,8.53E-03
308400,1.10E+05,1.04E+05,9.62E-04,7.49E-06,1.97E-03,7.13E-06,1.83E-09,0.00E+00,7.69E-04,2.37E-08,6.67E-01,8.53E-03
309000,1.10E+05,1.04E+05,9.61E-04,7.49E-06,1.97E-03,7.14E-06,1.83E-09,0.00E+00,7.69E-04,2.37E-08,6.68E-01,8.53E-03
309600,1.10E+05,1.04E+05,9.60E-04,7.49E-06,1.98E-03,7.15E-06,1.83E-09,0.00E+00,7.69E-04,2.37E-08,6.68E-01,8.53E-03
310200,1.10E+05,1.04E+05,9.59E-04,7.49E-06,1.98E-03,7.16E-06,1.83E-09,0.00E+00,7.69E-04,2.37E-08,6.68E-01,8.53E-03
310800,1.10E+05,1.04E+05,9.58E-04,7.49E-06,1.98E-03,7.17E-06,1.83E-09,0.00E+00,7.69E-04,2.37E-08,6.69E-01,8.53E-03
311400,1.10E+05,1.04E+05,9.57E-04,7.49E-06,1.98E-03,7.18E-06,1.83E-09,0.00E+00,7.69E-04,2.37E-08,6.69E-01,8.53E-03
312000,1.10E+05,1.04E+05,9.56E-04,7.49E-06,1.98E-03,7.19E-06,1.83E-09,0.00E+00,7.70E-04,2.37E-08,6.69E-01,8.53E-03
312600,1.10E+05,1.04E+05,9.39E-04,2.30E-05,1.98E-03,7.20E-06,1.83E-09,0.00E+00,7.70E-04,2.37E-08,6.69E-01,8.53E-03
313200,1.10E+05,1.04E+05,9.37E-04,2.30E-05,1.99E-03,7.22E-06,1.83E-09,0.00E+00,7.70E-04,2.37E-08,6.70E-01,8.53E-03
313800,1.10E+05,1.04E+05,9.36E-04,2.30E-05,1.99E-03,7.23E-06,1.83E-09,0.00E+00,7.70E-04,2.36E-08,6.70E-01,8.53E-03
314400,1.10E+05,1.04E+05,9.34E-04,2.30E-05,1.99E-03,7.24E-06,1.83E-09,0.00E+00,7.70E-04,2.36E-08,6.70E-01,8.53E-03
315000,1.10E+05,1.04E+05,9.33E-04,2.30E-05,1.99E-03,7.25E-06,1.83E-09,0.00E+00,7.70E-04,2.36E-08,6.71E-01,8.53E-03
315600,1.10E+05,1.04E+05,9.31E-04,2.30E-05,2.00E-03,7.26E-06,1.83E-09,0.00E+00,7.70E-04,2.36E-08,6.71E-01,8.53E-03
316200,1.10E+05,1.04E+05,9.29E-04,2.30E-05,2.00E-03,7.27E-06,1.83E-09,0.00E+00,7.70E-04,2.35E-08,6.71E-01,8.53E-03
316800,1.10E+05,1.04E+05,9.27E-04,2.30E-05,2.00E-03,7.28E-06,1.83E-09,0.00E+00,7.70E-04,2.35E-08,6.71E-01,8.53E-03
317400,1.10E+05,1.04E+05,9.25E-04,2.30E-05,2.00E-03,7.29E-06,1.83E-09,0.00E+00,7.70E-04,2.35E-08,6.72E-01,8.53E-03
318000,1.10E+05,1.04E+05,9.23E-04,2.30E-05,2.01E-03,7.30E-06,1.83E-09,0.00E+00,7.70E-04,2.34E-08,6.72E-01,8.53E-03
318600,1.10E+05,1.04E+05,9.20E-04,2.30E-05,2.01E-03,7.32E-06,1.83E-09,0.00E+00,7.70E-04,2.34E-08,6.72E-01,8.53E-03
319200,1.10E+05,1.04E+05,9.17E-04,2.30E-05,2.01E-03,7.33E-06,1.83E-09,0.00E+00,7.70E-04,2.33E-08,6.73E-01,8.53E-03
319800,1.10E+05,1.04E+05,9.15E-04,2.30E-05,2.02E-03,7.34E-06,1.83E-09,0.00E+00,7.70E-04,2.32E-08,6.73E-01,8.53E-03
320400,1.10E+05,1.04E+05,9.11E-04,2.30E-05,2.02E-03,7.36E-06,1.83E-09,0.00E+00,7.70E-04,2.31E-08,6.73E-01,8.53E-03
321000,1.10E+05,1.04E+05,9.08E-04,2.30E-05,2.03E-03,7.37E-06,1.83E-09,0.00E+00,7.70E-04,2.30E-08,6.73E-01,8.53E-03
321600,1.10E+05,1.04E+05,9.04E-04,2.30E-05,2.03E-03,7.39E-06,1.83E-09,0.00E+00,7.69E-04,2.29E-08,6.74E-01,8.53E-03
322200,1.10E+05,1.04E+05,8.99E-04,2.30E-05,2.04E-03,7.41E-06,1.83E-09,0.00E+00,7.69E-04,2.27E-08,6.74E-01,8.53E-03
322800,1.10E+05,1.04E+05,8.94E-04,2.30E-05,2.05E-03,7.43E-06,1.83E-09,0.00E+00,7.69E-04,2.26E-08,6.74E-01,8.53E-03
323400,1.10E+05,1.04E+05,8.89E-04,2.30E-05,2.05E-03,7.45E-06,1.83E-09,0.00E+00,7.68E-04,2.24E-08,6.74E-01,8.53E-03
324000,1.10E+05,1.04E+05,8.82E-04,2.30E-05,2.06E-03,7.48E-06,1.83E-09,0.00E+00,7.68E-04,2.22E-08,6.74E-01,8.53E-03
324600,1.10E+05,1.04E+05,8.74E-04,2.30E-05,2.07E-03,7.51E-06,1.83E-09,0.00E+00,7.67E-04,2.19E-08,6.75E-01,8.53E-03
325200,1.10E+05,1.04E+05,8.65E-04,2.30E-05,2.08E-03,7.54E-06,1.83E-09,0.00E+00,7.66E-04,2.16E-08,6.75E-01,8.53E-03
325800,1.10E+05,1.04E+05,8.54E-04,2.30E-05,2.10E-03,7.58E-06,1.83E-09,0.00E+00,7.65E-04,2.12E-08,6.75E-01,8.53E-03
326400,1.10E+05,1.04E+05,8.19E-04,4.49E-05,2.12E-03,7.63E-06,1.83E-09,0.00E+00,7.64E-04,2.07E-08,6.75E-01,8.53E-03
327000,1.10E+05,1.04E+05,8.04E-04,4.46E-05,2.14E-03,7.69E-06,1.83E-09,0.00E+00,7.63E-04,2.01E-08,6.74E-01,8.53E-03
327600,1.10E+05,1.04E+05,8.08E-04,2.44E-05,2.16E-03,7.75E-06,1.83E-09,0.00E+00,7.61E-04,1.96E-08,6.74E-01,8.53E-03
328200,1.10E+05,1.04E+05,8.08E-04,1.85E-05,2.17E-03,7.78E-06,1.83E-09,0.00E+00,7.60E-04,1.94E-08,6.74E-01,8.53E-03
328800,1.10E+05,1.04E+05,8.08E-04,1.62E-05,2.17E-03,7.79E-06,1.83E-09,0.00E+00,7.60E-04,1.93E-08,6.75E-01,8.53E-03
329400,1.10E+05,1.04E+05,8.08E-04,1.53E-05,2.17E-03,7.80E-06,1.83E-09,0.00E+00,7.60E-04,1.93E-08,6.75E-01,8.53E-03
330000,1.10E+05,1.04E+05,8.08E-04,1.49E-05,2.17E-03,7.81E-06,1.83E-09,0.00E+00,7.61E-04,1.94E-08,6.75E-01,8.53E-03
330600,1.10E+05,1.04E+05,8.07E-04,1.48E-05,2.17E-03,7.82E-06,1.83E-09,0.00E+00,7.61E-04,1.94E-08,6.76E-01,8.53E-03
331200,1.10E+05,1.04E+05,8.07E-04,1.48E-05,2.17E-03,7.83E-06,1.83E-09,0.00E+00,7.61E-04,1.95E-08,6.76E-01,8.53E-03
331800,1.10E+05,1.04E+05,8.07E-04,1.48E-05,2.17E-03,7.84E-06,1.83E-09,0.00E+00,7.61E-04,1.96E-08,6.76E-01,8.53E-03
332400,1.10E+05,1.04E+05,8.07E-04,1.48E-05,2.17E-03,7.84E-06,1.83E-09,0.00E+00,7.61E-04,1.97E-08,6.77E-01,8.53E-03
333000,1.10E+05,1.04E+05,8.07E-04,1.48E-05,2.17E-03,7.85E-06,1.83E-09,0.00E+00,7.62E-04,1.97E-08,6.77E-01,8.53E-03
333600,1.10E+05,1.04E+05,8.06E-04,1.48E-05,2.17E-03,7.86E-06,1.83E-09,0.00E+00,7.62E-04,1.98E-08,6.77E-01,8.53E-03
334200,1.10E+05,1.04E+05,8.06E-04,1.48E-05,2.17E-03,7.87E-06,1.82E-09,0.00E+00,7.62E-04,1.99E-08,6.78E-01,8.53E-03
334800,1.10E+05,1.04E+05,8.06E-04,1.48E-05,2.18E-03,7.88E-06,1.82E-09,0.00E+00,7.62E-04,1.99E-08,6.78E-01,8.53E-03
335400,1.10E+05,1.04E+05,8.05E-04,1.48E-05,2.18E-03,7.89E-06,1.82E-09,0.00E+00,7.62E-04,2.00E-08,6.78E-01,8.53E-03
336000,1.10E+05,1.04E+05,8.05E-04,1.48E-05,2.18E-03,7.90E-06,1.82E-09,0.00E+00,7.63E-04,2.00E-08,6.79E-01,8.53E-03
336600,1.10E+05,1.04E+05,8.04E-04,1.48E-05,2.18E-03,7.90E-06,1.82E-09,0.00E+00,7.63E-04,2.01E-08,6.79E-01,8.53E-03
337200,1.10E+05,1.04E+05,8.04E-04,1.48E-05,2.18E-03,7.91E-06,1.82E-09,0.00E+00,7.63E-04,2.01E-08,6.79E-01,8.53E-03
337800,1.10E+05,1.04E+05,8.04E-04,1.48E-05,2.18E-03,7.92E-06,1.82E-09,0.00E+00,7.63E-04,2.02E-08,6.79E-01,8.53E-03
338400,1.10E+05,1.04E+05,8.03E-04,1.48E-05,2.18E-03,7.93E-06,1.82E-09,0.00E+00,7.63E-04,2.02E-08,6.80E-01,8.53E-03
339000,1.10E+05,1.04E+05,8.03E-04,1.48E-05,2.18E-03,7.94E-06,1.82E-09,0.00E+00,7.63E-04,2.03E-08,6.80E-01,8.53E-03
339600,1.10E+05,1.04E+05,8.02E-04,1.48E-05,2.18E-03,7.95E-06,1.82E-09,0.00E+00,7.64E-04,2.03E-08,6.80E-01,8.53E-03
340200,1.10E+05,1.04E+05,8.02E-04,1.48E-05,2.18E-03,7.96E-06,1.82E-09,0.00E+00,7.64E-04,2.04E-08,6.80E-01,8.53E-03
340800,1.10E+05,1.04E+05,8.01E-04,1.48E-05,2.18E-03,7.97E-06,1.82E-09,0.00E+00,7.64E-04,2.04E-08,6.81E-01,8.53E-03
341400,1.10E+05,1.04E+05,8.01E-04,1.48E-05,2.18E-03,7.98E-06,1.82E-09,0.00E+00,7.64E-04,2.05E-08,6.81E-01,8.53E-03
342000,1.10E+05,1.04E+05,8.00E-04,1.48E-05,2.19E-03,7.98E-06,1.82E-09,0.00E+00,7.64E-04,2.05E-08,6.81E-01,8.53E-03
342600,1.10E+05,1.04E+05,8.00E-04,1.48E-05,2.19E-03,7.99E-06,1.82E-09,0.00E+00,7.64E-04,2.06E-08,6.81E-01,8.53E-03
343200,1.10E+05,1.04E+05,7.99E-04,1.48E-05,2.19E-03,8.00E-06,1.82E-09,0.00E+00,7.65E-04,2.06E-08,6.81E-01,8.53E-03
343800,1.10E+05,1.04E+05,7.99E-04,1.48E-05,2.19E-03,8.01E-06,1.82E-09,0.00E+00,7.65E-04,2.07E-08,6.82E-01,8.53E-03
344400,1.10E+05,1.04E+05,7.98E-04,1.48E-05,2.19E-03,8.02E-06,1.82E-09,0.00E+00,7.65E-04,2.07E-08,6.82E-01,8.53E-03
345000,1.10E+05,1.04E+05,7.98E-04,1.48E-05,2.19E-03,8.03E-06,1.82E-09,0.00E+00,7.65E-04,2.08E-08,6.82E-01,8.53E-03
345600,1.10E+05,1.04E+05,7.97E-04,1.48E-05,2.19E-03,8.04E-06,1.82E-09,0.00E+00,7.65E-04,2.08E-08,6.82E-01,8.53E-03
346200,1.10E+05,1.04E+05,7.97E-04,1.48E-05,2.19E-03,8.05E-06,1.82E-09,0.00E+00,7.66E-04,2.09E-08,6.83E-01,8.53E-03
346800,1.10E+05,1.04E+05,7.97E-04,1.48E-05,2.19E-03,8.05E-06,1.82E-09,0.00E+00,7.66E-04,2.09E-08,6.83E-01,8.53E-03
347400,1.10E+05,1.04E+05,7.96E-04,1.48E-05,2.19E-03,8.06E-06,1.82E-09,0.00E+00,7.66E-04,2.10E-08,6.83E-01,8.53E-03
348000,1.10E+05,1.04E+05,7.96E-04,1.48E-05,2.19E-03,8.07E-06,1.82E-09,0.00E+00,7.66E-04,2.10E-08,6.83E-01,8.53E-03
348600,1.10E+05,1.04E+05,7.95E-04,1.48E-05,2.19E-03,8.08E-06,1.82E-09,0.00E+00,7.66E-04,2.11E-08,6.83E-01,8.53E-03
349200,1.10E+05,1.04E+05,7.95E-04,1.48E-05,2.19E-03,8.09E-06,1.82E-09,0.00E+00,7.66E-04,2.11E-08,6.84E-01,8.53E-03
349800,1.10E+05,1.04E+05,7.94E-04,1.48E-05,2.20E-03,8.10E-06,1.82E-09,0.00E+00,7.67E-04,2.12E-08,6.84E-01,8.53E-03
350400,1.10E+05,1.04E+05,7.94E-04,1.48E-05,2.20E-03,8.11E-06,1.82E-09,0.00E+00,7.67E-04,2.13E-08,6.84E-01,8.53E-03
351000,1.10E+05,1.04E+05,7.93E-04,1.48E-05,2.20E-03,8.12E-06,1.82E-09,0.00E+00,7.67E-04,2.13E-08,6.84E-01,8.53E-03
351600,1.10E+05,1.04E+05,7.93E-04,1.48E-05,2.20E-03,8.12E-06,1.82E-09,0.00E+00,7.67E-04,2.14E-08,6.85E-01,8.53E-03
352200,1.10E+05,1.04E+05,7.93E-04,1.48E-05,2.20E-03,8.13E-06,1.82E-09,0.00E+00,7.67E-04,2.14E-08,6.85E-01,8.53E-03
352800,1.10E+05,1.04E+05,7.92E-04,1.48E-05,2.20E-03,8.14E-06,1.82E-09,0.00E+00,7.67E-04,2.15E-08,6.86E-01,8.53E-03
353400,1.10E+05,1.04E+05,7.92E-04,1.48E-05,2.20E-03,8.15E-06,1.82E-09,0.00E+00,7.68E-04,2.15E-08,6.86E-01,8.53E-03
354000,1.10E+05,1.04E+05,7.91E-04,1.48E-05,2.20E-03,8.16E-06,1.82E-09,0.00E+00,7.68E-04,2.16E-08,6.87E-01,8.53E-03
354600,1.10E+05,1.04E+05,7.91E-04,1.48E-05,2.20E-03,8.17E-06,1.82E-09,0.00E+00,7.68E-04,2.16E-08,6.88E-01,8.53E-03
355200,1.10E+05,1.04E+05,7.90E-04,1.48E-05,2.20E-03,8.18E-06,1.82E-09,0.00E+00,7.68E-04,2.17E-08,6.88E-01,8.53E-03
355800,1.10E+05,1.04E+05,7.90E-04,1.48E-05,2.20E-03,8.19E-06,1.82E-09,0.00E+00,7.68E-04,2.17E-08,6.89E-01,8.53E-03
356400,1.10E+05,1.04E+05,7.90E-04,1.48E-05,2.20E-03,8.19E-06,1.82E-09,0.00E+00,7.69E-04,2.18E-08,6.90E-01,8.53E-03
357000,1.10E+05,1.04E+05,7.89E-04,1.48E-05,2.20E-03,8.20E-06,1.82E-09,0.00E+00,7.69E-04,2.18E-08,6.91E-01,8.53E-03
357600,1.10E+05,1.04E+05,7.89E-04,1.48E-05,2.20E-03,8.21E-06,1.82E-09,0.00E+00,7.69E-04,2.19E-08,6.92E-01,8.53E-03
358200,1.10E+05,1.04E+05,7.88E-04,1.48E-05,2.21E-03,8.22E-06,1.82E-09,0.00E+00,7.69E-04,2.19E-08,6.93E-01,8.53E-03
358800,1.10E+05,1.04E+05,7.88E-04,1.48E-05,2.21E-03,8.23E-06,1.82E-09,0.00E+00,7.69E-04,2.20E-08,6.94E-01,8.53E-03
359400,1.10E+05,1.04E+05,7.87E-04,1.48E-05,2.21E-03,8.24E-06,1.82E-09,0.00E+00,7.69E-04,2.20E-08,6.95E-01,8.53E-03
360000,1.10E+05,1.04E+05,7.87E-04,1.48E-05,2.21E-03,8.25E-06,1.82E-09,0.00E+00,7.70E-04,2.21E-08,6.96E-01,8.53E-03
360600,1.10E+05,1.04E+05,7.86E-04,1.48E-05,2.21E-03,8.26E-06,1.82E-09,0.00E+00,7.70E-04,2.22E-08,6.97E-01,8.53E-03
361200,1.10E+05,1.04E+05,7.86E-04,1.48E-05,2.21E-03,8.27E-06,1.82E-09,0.00E+00,7.70E-04,2.22E-08,6.98E-01,8.53E-03
361800,1.10E+05,1.04E+05,7.86E-04,1.48E-05,2.21E-03,8.27E-06,1.82E-09,0.00E+00,7.70E-04,2.23E-08,6.99E-01,8.53E-03
362400,1.10E+05,1.04E+05,7.85E-04,1.48E-05,2.21E-03,8.28E-06,1.82E-09,0.00E+00,7.70E-04,2.23E-08,7.01E-01,8.53E-03
363000,1.10E+05,1.04E+05,7.85E-04,1.48E-05,2.21E-03,8.29E-06,1.82E-09,0.00E+00,7.70E-04,2.24E-08,7.02E-01,8.53E-03
363600,1.10E+05,1.04E+05,7.84E-04,1.48E-05,2.21E-03,8.30E-06,1.82E-09,0.00E+00,7.71E-04,2.24E-08,7.04E-01,8.53E-03
364200,1.10E+05,1.04E+05,7.84E-04,1.48E-05,2.21E-03,8.31E-06,1.82E-09,0.00E+00,7.71E-04,2.25E-08,7.05E-01,8.53E-03
364800,1.10E+05,1.04E+05,7.83E-04,1.48E-05,2.21E-03,8.32E-06,1.82E-09,0.00E+00,7.71E-04,2.25E-08,7.06E-01,8.53E-03
365400,1.10E+05,1.04E+05,7.83E-04,1.48E-05,2.21E-03,8.33E-06,1.82E-09,0.00E+00,7.71E-04,2.26E-08,7.07E-01,8.53E-03
366000,1.10E+05,1.04E+05,7.82E-04,1.48E-05,2.22E-03,8.34E-06,1.82E-09,0.00E+00,7.71E-04,2.26E-08,7.08E-01,8.53E-03
366600,1.10E+05,1.04E+05,7.82E-04,1.48E-05,2.22E-03,8.35E-06,1.82E-09,0.00E+00,7.71E-04,2.27E-08,7.09E-01,8.53E-03
367200,1.10E+05,1.04E+05,7.81E-04,1.48E-05,2.22E-03,8.35E-06,1.82E-09,0.00E+00,7.72E-04,2.27E-08,7.10E-01,8.53E-03
367800,1.10E+05,1.04E+05,7.81E-04,1.48E-05,2.22E-03,8.36E-06,1.81E-09,0.00E+00,7.72E-04,2.28E-08,7.11E-01,8.53E-03
368400,1.10E+05,1.04E+05,7.80E-04,1.48E-05,2.22E-03,8.37E-06,1.81E-09,0.00E+00,7.72E-04,2.28E-08,7.11E-01,8.53E-03
369000,1.10E+05,1.04E+05,7.80E-04,1.48E-05,2.22E-03,8.38E-06,1.81E-09,0.00E+00,7.72E-04,2.29E-08,7.12E-01,8.53E-03
369600,1.10E+05,1.04E+05,7.79E-04,1.48E-05,2.22E-03,8.39E-06,1.81E-09,0.00E+00,7.72E-04,2.29E-08,7.13E-01,8.53E-03
370200,1.10E+05,1.04E+05,7.79E-04,1.48E-05,2.22E-03,8.40E-06,1.81E-09,0.00E+00,7.72E-04,2.30E-08,7.15E-01,8.53E-03
370800,1.10E+05,1.04E+05,7.78E-04,1.48E-05,2.22E-03,8.41E-06,1.81E-09,0.00E+00,7.73E-04,2.30E-08,7.16E-01,8.53E-03
371400,1.10E+05,1.04E+05,7.78E-04,1.48E-05,2.22E-03,8.42E-06,1.81E-09,0.00E+00,7.73E-04,2.31E-08,7.17E-01,8.53E-03
372000,1.10E+05,1.04E+05,7.77E-04,1.48E-05,2.22E-03,8.42E-06,1.81E-09,0.00E+00,7.73E-04,2.31E-08,7.18E-01,8.53E-03
372600,1.10E+05,1.04E+05,7.77E-04,1.48E-05,2.22E-03,8.43E-06,1.81E-09,0.00E+00,7.73E-04,2.31E-08,7.19E-01,8.53E-03
373200,1.10E+05,1.04E+05,7.76E-04,1.48E-05,2.23E-03,8.44E-06,1.81E-09,0.00E+00,7.73E-04,2.32E-08,7.21E-01,8.53E-03
373800,1.10E+05,1.04E+05,7.76E-04,1.48E-05,2.23E-03,8.45E-06,1.81E-09,0.00E+00,7.73E-04,2.32E-08,7.22E-01,8.53E-03
374400,1.10E+05,1.04E+05,7.75E-04,1.48E-05,2.23E-03,8.46E-06,1.81E-09,0.00E+00,7.74E-04,2.33E-08,7.23E-01,8.53E-03
375000,1.10E+05,1.04E+05,7.75E-04,1.48E-05,2.23E-03,8.47E-06,1.81E-09,0.00E+00,7.74E-04,2.33E-08,7.24E-01,8.53E-03
375600,1.10E+05,1.04E+05,7.74E-04,1.48E-05,2.23E-03,8.48E-06,1.81E-09,0.00E+00,7.74E-04,2.34E-08,7.26E-01,8.53E-03
376200,1.10E+05,1.04E+05,7.74E-04,1.48E-05,2.23E-03,8.49E-06,1.81E-09,0.00E+00,7.74E-04,2.34E-08,7.27E-01,8.53E-03
376800,1.10E+05,1.04E+05,7.73E-04,1.48E-05,2.23E-03,8.50E-06,1.81E-09,0.00E+00,7.74E-04,2.34E-08,7.28E-01,8.53E-03
377400,1.10E+05,1.04E+05,7.73E-04,1.48E-05,2.23E-03,8.50E-06,1.81E-09,0.00E+00,7.74E-04,2.35E-08,7.29E-01,8.53E-03
378000,1.10E+05,1.04E+05,7.72E-04,1.48E-05,2.23E-03,8.51E-06,1.81E-09,0.00E+00,7.75E-04,2.35E-08,7.30E-01,8.53E-03
378600,1.10E+05,1.04E+05,7.71E-04,1.48E-05,2.23E-03,8.52E-06,1.81E-09,0.00E+00,7.75E-04,2.36E-08,7.31E-01,8.53E-03
379200,1.10E+05,1.04E+05,7.71E-04,1.48E-05,2.23E-03,8.53E-06,1.81E-09,0.00E+00,7.75E-04,2.36E-08,7.31E-01,8.53E-03
379800,1.10E+05,1.04E+05,7.70E-04,1.48E-05,2.24E-03,8.54E-06,1.81E-09,0.00E+00,7.75E-04,2.36E-08,7.32E-01,8.53E-03
380400,1.10E+05,1.04E+05,7.70E-04,1.48E-05,2.24E-03,8.55E-06,1.81E-09,0.00E+00,7.75E-04,2.37E-08,7.33E-01,8.53E-03
381000,1.10E+05,1.04E+05,7.69E-04,1.48E-05,2.24E-03,8.56E-06,1.81E-09,0.00E+00,7.75E-04,2.37E-08,7.34E-01,8.53E-03
381600,1.10E+05,1.04E+05,7.68E-04,1.48E-05,2.24E-03,8.57E-06,1.81E-09,0.00E+00,7.76E-04,2.38E-08,7.35E-01,8.53E-03
382200,1.10E+05,1.04E+05,7.68E-04,1.48E-05,2.24E-03,8.58E-06,1.81E-09,0.00E+00,7.76E-04,2.38E-08,7.36E-01,8.53E-03
382800,1.10E+05,1.04E+05,7.67E-04,1.48E-05,2.24E-03,8.59E-06,1.81E-09,0.00E+00,7.76E-04,2.38E-08,7.37E-01,8.53E-03
383400,1.10E+05,1.04E+05,7.66E-04,1.48E-05,2.24E-03,8.60E-06,1.81E-09,0.00E+00,7.76E-04,2.38E-08,7.37E-01,8.53E-03
384000,1.10E+05,1.04E+05,7.65E-04,1.48E-05,2.24E-03,8.60E-06,1.81E-09,0.00E+00,7.76E-04,2.39E-08,7.38E-01,8.53E-03
384600,1.10E+05,1.04E+05,7.65E-04,1.48E-05,2.24E-03,8.61E-06,1.81E-09,0.00E+00,7.76E-04,2.39E-08,7.39E-01,8.53E-03
385200,1.10E+05,1.04E+05,7.64E-04,1.48E-05,2.25E-03,8.62E-06,1.81E-09,0.00E+00,7.76E-04,2.39E-08,7.40E-01,8.53E-03
385800,1.10E+05,1.04E+05,7.63E-04,1.48E-05,2.25E-03,8.63E-06,1.81E-09,0.00E+00,7.77E-04,2.39E-08,7.40E-01,8.53E-03
386400,1.10E+05,1.04E+05,7.62E-04,1.48E-05,2.25E-03,8.64E-06,1.81E-09,0.00E+00,7.77E-04,2.40E-08,7.41E-01,8.53E-03
387000,1.10E+05,1.04E+05,7.61E-04,1.48E-05,2.25E-03,8.65E-06,1.81E-09,0.00E+00,7.77E-04,2.40E-08,7.42E-01,8.53E-03
387600,1.10E+05,1.04E+05,7.61E-04,1.48E-05,2.25E-03,8.66E-06,1.81E-09,0.00E+00,7.77E-04,2.40E-08,7.42E-01,8.53E-03
388200,1.10E+05,1.04E+05,7.60E-04,1.48E-05,2.25E-03,8.67E-06,1.81E-09,0.00E+00,7.77E-04,2.40E-08,7.43E-01,8.53E-03
388800,1.10E+05,1.04E+05,7.59E-04,1.48E-05,2.25E-03,8.68E-06,1.81E-09,0.00E+00,7.77E-04,2.40E-08,7.43E-01,8.53E-03
389400,1.10E+05,1.04E+05,7.58E-04,1.48E-05,2.25E-03,8.69E-06,1.81E-09,0.00E+00,7.77E-04,2.40E-08,7.44E-01,8.53E-03
390000,1.10E+05,1.04E+05,7.57E-04,1.48E-05,2.26E-03,8.70E-06,1.81E-09,0.00E+00,7.77E-04,2.41E-08,7.44E-01,8.53E-03
390600,1.10E+05,1.04E+05,7.56E-04,1.48E-05,2.26E-03,8.71E-06,1.81E-09,0.00E+00,7.77E-04,2.41E-08,7.45E-01,8.53E-03
391200,1.10E+05,1.04E+05,7.55E-04,1.48E-05,2.26E-03,8.72E-06,1.81E-09,0.00E+00,7.78E-04,2.41E-08,7.46E-01,8.53E-03
391800,1.10E+05,1.04E+05,7.53E-04,1.48E-05,2.26E-03,8.73E-06,1.81E-09,0.00E+00,7.78E-04,2.41E-08,7.46E-01,8.53E-03
392400,1.10E+05,1.04E+05,7.52E-04,1.48E-05,2.26E-03,8.74E-06,1.81E-09,0.00E+00,7.78E-04,2.41E-08,7.47E-01,8.53E-03
393000,1.10E+05,1.04E+05,7.44E-04,2.19E-05,2.26E-03,8.75E-06,1.81E-09,0.00E+00,7.78E-04,2.41E-08,7.47E-01,8.53E-03
393600,1.10E+05,1.04E+05,7.42E-04,2.19E-05,2.27E-03,8.76E-06,1.81E-09,0.00E+00,7.78E-04,2.40E-08,7.48E-01,8.53E-03
394200,1.10E+05,1.04E+05,7.41E-04,2.19E-05,2.27E-03,8.77E-06,1.81E-09,0.00E+00,7.78E-04,2.40E-08,7.48E-01,8.53E-03
394800,1.10E+05,1.04E+05,7.40E-04,2.19E-05,2.27E-03,8.78E-06,1.81E-09,0.00E+00,7.78E-04,2.40E-08,7.49E-01,8.53E-03
395400,1.10E+05,1.04E+05,7.38E-04,2.19E-05,2.27E-03,8.79E-06,1.81E-09,0.00E+00,7.78E-04,2.40E-08,7.50E-01,8.53E-03
396000,1.10E+05,1.04E+05,7.36E-04,2.19E-05,2.28E-03,8.80E-06,1.81E-09,0.00E+00,7.78E-04,2.40E-08,7.50E-01,8.53E-03
396600,1.10E+05,1.04E+05,7.34E-04,2.19E-05,2.28E-03,8.81E-06,1.81E-09,0.00E+00,7.78E-04,2.40E-08,7.51E-01,8.53E-03
397200,1.10E+05,1.04E+05,7.33E-04,2.19E-05,2.28E-03,8.82E-06,1.81E-09,0.00E+00,7.78E-04,2.39E-08,7.52E-01,8.53E-03
397800,1.10E+05,1.04E+05,7.30E-04,2.19E-05,2.28E-03,8.83E-06,1.81E-09,0.00E+00,7.78E-04,2.39E-08,7.52E-01,8.53E-03
398400,1.10E+05,1.04E+05,7.28E-04,2.19E-05,2.29E-03,8.85E-06,1.81E-09,0.00E+00,7.78E-04,2.38E-08,7.53E-01,8.53E-03
399000,1.10E+05,1.04E+05,7.26E-04,2.19E-05,2.29E-03,8.86E-06,1.81E-09,0.00E+00,7.78E-04,2.38E-08,7.54E-01,8.53E-03
399600,1.10E+05,1.04E+05,7.23E-04,2.19E-05,2.29E-03,8.87E-06,1.81E-09,0.00E+00,7.78E-04,2.37E-08,7.55E-01,8.53E-03
400200,1.10E+05,1.04E+05,7.20E-04,2.19E-05,2.30E-03,8.89E-06,1.81E-09,0.00E+00,7.78E-04,2.37E-08,7.56E-01,8.53E-03
400800,1.10E+05,1.04E+05,7.17E-04,2.19E-05,2.30E-03,8.90E-06,1.81E-09,0.00E+00,7.78E-04,2.36E-08,7.56E-01,8.53E-03
401400,1.10E+05,1.04E+05,7.14E-04,2.19E-05,2.31E-03,8.92E-06,1.81E-09,0.00E+00,7.78E-04,2.35E-08,7.57E-01,8.53E-03
402000,1.10E+05,1.04E+05,7.10E-04,2.19E-05,2.31E-03,8.93E-06,1.81E-09,0.00E+00,7.77E-04,2.34E-08,7.58E-01,8.53E-03
402600,1.10E+05,1.04E+05,7.06E-04,2.19E-05,2.32E-03,8.95E-06,1.81E-09,0.00E+00,7.77E-04,2.33E-08,7.60E-01,8.53E-03
403200,1.10E+05,1.04E+05,7.01E-04,2.19E-05,2.32E-03,8.97E-06,1.81E-09,0.00E+00,7.77E-04,2.31E-08,7.61E-01,8.53E-03
403800,1.10E+05,1.04E+05,6.96E-04,2.19E-05,2.33E-03,9.00E-06,1.81E-09,0.00E+00,7.77E-04,2.30E-08,7.63E-01,8.53E-03
404400,1.10E+05,1.04E+05,6.90E-04,2.19E-05,2.34E-03,9.02E-06,1.81E-09,0.00E+00,7.76E-04,2.28E-08,7.65E-01,8.53E-03
405000,1.10E+05,1.04E+05,6.83E-04,2.19E-05,2.35E-03,9.05E-06,1.81E-09,0.00E+00,7.76E-04,2.26E-08,7.67E-01,8.53E-03
405600,1.10E+05,1.04E+05,6.76E-04,2.19E-05,2.36E-03,9.08E-06,1.80E-09,0.00E+00,7.75E-04,2.23E-08,7.69E-01,8.53E-03
406200,1.10E+05,1.04E+05,6.66E-04,2.19E-05,2.37E-03,9.12E-06,1.80E-09,0.00E+00,7.74E-04,2.20E-08,7.71E-01,8.53E-03
406800,1.10E+05,1.04E+05,6.55E-04,2.19E-05,2.39E-03,9.17E-06,1.80E-09,0.00E+00,7.73E-04,2.16E-08,7.73E-01,8.53E-03
407400,1.10E+05,1.04E+05,6.21E-04,4.31E-05,2.40E-03,9.22E-06,1.80E-09,0.00E+00,7.72E-04,2.12E-08,7.75E-01,8.53E-03
408000,1.10E+05,1.04E+05,6.07E-04,4.19E-05,2.42E-03,9.28E-06,1.80E-09,0.00E+00,7.70E-04,2.07E-08,7.76E-01,8.53E-03
408600,1.10E+05,1.04E+05,6.10E-04,2.67E-05,2.44E-03,9.34E-06,1.80E-09,0.00E+00,7.69E-04,2.03E-08,7.77E-01,8.53E-03
409200,1.10E+05,1.04E+05,6.10E-04,2.41E-05,2.44E-03,9.35E-06,1.80E-09,0.00E+00,7.69E-04,2.02E-08,7.79E-01,8.53E-03
409800,1.10E+05,1.04E+05,6.09E-04,2.27E-05,2.45E-03,9.37E-06,1.80E-09,0.00E+00,7.69E-04,2.02E-08,7.80E-01,8.53E-03
410400,1.10E+05,1.04E+05,6.09E-04,2.21E-05,2.45E-03,9.38E-06,1.80E-09,0.00E+00,7.69E-04,2.02E-08,7.83E-01,8.53E-03
411000,1.10E+05,1.04E+05,6.09E-04,2.18E-05,2.45E-03,9.38E-06,1.80E-09,0.00E+00,7.69E-04,2.02E-08,7.85E-01,8.53E-03
411600,1.10E+05,1.04E+05,6.08E-04,2.18E-05,2.45E-03,9.39E-06,1.80E-09,0.00E+00,7.70E-04,2.03E-08,7.88E-01,8.53E-03
412200,1.10E+05,1.04E+05,6.08E-04,2.15E-05,2.45E-03,9.40E-06,1.80E-09,0.00E+00,7.70E-04,2.03E-08,7.90E-01,8.53E-03
412800,1.10E+05,1.04E+05,6.08E-04,2.13E-05,2.45E-03,9.41E-06,1.80E-09,0.00E+00,7.70E-04,2.03E-08,7.92E-01,8.53E-03
413400,1.10E+05,1.04E+05,6.07E-04,2.14E-05,2.45E-03,9.42E-06,1.80E-09,0.00E+00,7.70E-04,2.04E-08,7.94E-01,8.53E-03
414000,1.10E+05,1.04E+05,6.07E-04,2.14E-05,2.45E-03,9.43E-06,1.80E-09,0.00E+00,7.70E-04,2.04E-08,7.96E-01,8.53E-03
414600,1.10E+05,1.04E+05,6.06E-04,2.13E-05,2.45E-03,9.43E-06,1.80E-09,0.00E+00,7.70E-04,2.05E-08,7.97E-01,8.53E-03
415200,1.10E+05,1.04E+05,6.06E-04,2.13E-05,2.45E-03,9.44E-06,1.80E-09,0.00E+00,7.70E-04,2.05E-08,7.98E-01,8.53E-03
415800,1.10E+05,1.04E+05,6.06E-04,2.12E-05,2.46E-03,9.45E-06,1.80E-09,0.00E+00,7.71E-04,2.06E-08,7.98E-01,8.53E-03
416400,1.10E+05,1.04E+05,6.05E-04,2.12E-05,2.46E-03,9.46E-06,1.80E-09,0.00E+00,7.71E-04,2.06E-08,7.99E-01,8.53E-03
417000,1.10E+05,1.04E+05,6.05E-04,2.12E-05,2.46E-03,9.47E-06,1.80E-09,0.00E+00,7.71E-04,2.07E-08,7.99E-01,8.53E-03
417600,1.10E+05,1.04E+05,6.04E-04,2.12E-05,2.46E-03,9.48E-06,1.80E-09,0.00E+00,7.71E-04,2.07E-08,7.99E-01,8.53E-03
418200,1.10E+05,1.04E+05,6.04E-04,2.12E-05,2.46E-03,9.48E-06,1.80E-09,0.00E+00,7.71E-04,2.08E-08,8.00E-01,8.53E-03
418800,1.10E+05,1.04E+05,6.03E-04,2.12E-05,2.46E-03,9.49E-06,1.80E-09,0.00E+00,7.71E-04,2.08E-08,8.00E-01,8.53E-03
419400,1.10E+05,1.04E+05,6.03E-04,2.12E-05,2.46E-03,9.50E-06,1.80E-09,0.00E+00,7.72E-04,2.08E-08,8.00E-01,8.53E-03
420000,1.10E+05,1.04E+05,6.02E-04,2.12E-05,2.46E-03,9.51E-06,1.80E-09,0.00E+00,7.72E-04,2.09E-08,8.00E-01,8.53E-03
420600,1.10E+05,1.04E+05,6.02E-04,2.12E-05,2.46E-03,9.52E-06,1.80E-09,0.00E+00,7.72E-04,2.09E-08,8.00E-01,8.53E-03
421200,1.10E+05,1.04E+05,6.02E-04,2.12E-05,2.46E-03,9.53E-06,1.80E-09,0.00E+00,7.72E-04,2.10E-08,8.00E-01,8.53E-03
421800,1.10E+05,1.04E+05,6.01E-04,2.12E-05,2.46E-03,9.53E-06,1.80E-09,0.00E+00,7.72E-04,2.10E-08,8.00E-01,8.53E-03
422400,1.10E+05,1.04E+05,6.01E-04,2.12E-05,2.46E-03,9.54E-06,1.80E-09,0.00E+00,7.72E-04,2.10E-08,8.00E-01,8.53E-03
423000,1.10E+05,1.04E+05,6.00E-04,2.12E-05,2.47E-03,9.55E-06,1.80E-09,0.00E+00,7.72E-04,2.11E-08,8.00E-01,8.53E-03
423600,1.10E+05,1.04E+05,6.00E-04,2.12E-05,2.47E-03,9.56E-06,1.80E-09,0.00E+00,7.73E-04,2.11E-08,8.00E-01,8.53E-03
424200,1.10E+05,1.04E+05,5.99E-04,2.12E-05,2.47E-03,9.57E-06,1.80E-09,0.00E+00,7.73E-04,2.12E-08,8.00E-01,8.53E-03
424800,1.10E+05,1.04E+05,5.99E-04,2.12E-05,2.47E-03,9.58E-06,1.80E-09,0.00E+00,7.73E-04,2.12E-08,8.00E-01,8.53E-03
425400,1.10E+05,1.04E+05,5.98E-04,2.12E-05,2.47E-03,9.58E-06,1.80E-09,0.00E+00,7.73E-04,2.13E-08,8.01E-01,8.53E-03
426000,1.10E+05,1.04E+05,5.98E-04,2.12E-05,2.47E-03,9.59E-06,1.80E-09,0.00E+00,7.73E-04,2.13E-08,8.01E-01,8.53E-03
426600,1.10E+05,1.04E+05,5.97E-04,2.12E-05,2.47E-03,9.60E-06,1.80E-09,0.00E+00,7.73E-04,2.14E-08,8.01E-01,8.53E-03
427200,1.10E+05,1.04E+05,5.97E-04,2.12E-05,2.47E-03,9.61E-06,1.80E-09,0.00E+00,7.74E-04,2.14E-08,8.02E-01,8.53E-03
427800,1.10E+05,1.04E+05,5.97E-04,2.12E-05,2.47E-03,9.62E-06,1.80E-09,0.00E+00,7.74E-04,2.14E-08,8.02E-01,8.53E-03
428400,1.10E+05,1.04E+05,5.96E-04,2.12E-05,2.47E-03,9.63E-06,1.80E-09,0.00E+00,7.74E-04,2.15E-08,8.02E-01,8.53E-03
429000,1.10E+05,1.04E+05,5.96E-04,2.12E-05,2.47E-03,9.63E-06,1.80E-09,0.00E+00,7.74E-04,2.15E-08,8.03E-01,8.53E-03
429600,1.10E+05,1.04E+05,5.95E-04,2.12E-05,2.47E-03,9.64E-06,1.80E-09,0.00E+00,7.74E-04,2.16E-08,8.03E-01,8.53E-03
430200,1.10E+05,1.04E+05,5.95E-04,2.12E-05,2.48E-03,9.65E-06,1.80E-09,0.00E+00,7.74E-04,2.16E-08,8.03E-01,8.53E-03
430800,1.10E+05,1.04E+05,5.94E-04,2.12E-05,2.48E-03,9.66E-06,1.80E-09,0.00E+00,7.75E-04,2.17E-08,8.04E-01,8.53E-03
431400,1.10E+05,1.04E+05,5.94E-04,2.12E-05,2.48E-03,9.67E-06,1.80E-09,0.00E+00,7.75E-04,2.17E-08,8.04E-01,8.53E-03
432000,1.10E+05,1.04E+05,5.94E-04,2.12E-05,2.48E-03,9.67E-06,1.80E-09,0.00E+00,7.75E-04,2.18E-08,8.04E-01,8.53E-03