# t, p_1, p_2, mob_A, imm_A, diss_A, seal_A, mob_B, imm_B, diss_B, seal_B, M_C,total_CO2_mass
0.000000,111020.522037,105091.168049,0.000000,0.000000,0.000025,0.000005,0.000000,0.000000,0.000018,0.000004,0.000000,0.000103
600.000000,111033.013777,105097.355553,0.000001,0.000000,0.000027,0.000005,0.000000,0.000000,0.000018,0.000004,0.000000,0.000315
1200.000000,111046.935565,105104.490573,0.000000,0.000000,0.000218,0.000034,0.000000,0.000000,0.000018,0.000004,0.000003,0.000553
1800.000000,111040.667233,105105.341017,0.000077,0.000017,0.000294,0.000049,0.000000,0.000000,0.000018,0.000004,0.000096,0.000783
2400.000000,111029.626127,105097.866905,0.000164,0.000028,0.000401,0.000053,0.000000,0.000000,0.000018,0.000004,0.000126,0.001013
3000.000000,111029.611920,105097.820065,0.000278,0.000042,0.000475,0.000056,0.000000,0.000000,0.000018,0.000004,0.000180,0.001242
3600.000000,111032.075953,105099.611971,0.000394,0.000056,0.000544,0.000059,0.000000,0.000000,0.000018,0.000004,0.000279,0.001470
4200.000000,111036.266137,105102.657853,0.000515,0.000071,0.000602,0.000062,0.000000,0.000000,0.000018,0.000004,0.000623,0.001699
4800.000000,111031.132668,105098.861383,0.000636,0.000085,0.000657,0.000065,0.000000,0.000000,0.000018,0.000004,0.001696,0.001927
5400.000000,111035.966661,105102.380877,0.000748,0.000101,0.000713,0.000068,0.000000,0.000000,0.000018,0.000004,0.004187,0.002155
6000.000000,111032.066664,105099.501173,0.000861,0.000115,0.000764,0.000071,0.000000,0.000000,0.000018,0.000004,0.009142,0.002383
6600.000000,111032.676180,105099.954399,0.000971,0.000130,0.000813,0.000075,0.000000,0.000000,0.000018,0.000004,0.018480,0.002611
7200.000000,111034.585036,105101.288992,0.001081,0.000145,0.000859,0.000078,0.000000,0.000000,0.000018,0.000004,0.030140,0.002838
7800.000000,111029.722527,105097.800677,0.001185,0.000159,0.000908,0.000081,0.000000,0.000000,0.000018,0.000004,0.046311,0.003066
8400.000000,111031.523236,105099.050642,0.001291,0.000173,0.000954,0.000085,0.000000,0.000000,0.000018,0.000004,0.075306,0.003293
9000.000000,111033.085986,105100.131739,0.001391,0.000186,0.000999,0.000088,0.000000,0.000000,0.000018,0.000004,0.096721,0.003751
9600.000000,111038.584385,105104.357972,0.001497,0.000200,0.001045,0.000092,0.000000,0.000000,0.000018,0.000004,0.135994,0.004206
10200.000000,111038.734878,105103.543203,0.001599,0.000214,0.001085,0.000095,0.000000,0.000000,0.000018,0.000004,0.163989,0.004661
10800.000000,111034.567957,105100.122858,0.001704,0.000228,0.001128,0.000099,0.000000,0.000000,0.000018,0.000004,0.208323,0.005117
11400.000000,111032.867380,105099.409970,0.001806,0.000241,0.001167,0.000102,0.000000,0.000000,0.000018,0.000004,0.244147,0.005570
12000.000000,111042.729466,105109.142630,0.001908,0.000255,0.001207,0.000106,0.000000,0.000000,0.000018,0.000004,0.310051,0.006024
12600.000000,111040.045469,105097.776333,0.002012,0.000269,0.001245,0.000109,0.000000,0.000000,0.000018,0.000004,0.402900,0.006478
13200.000000,111043.960513,105095.175181,0.002107,0.000281,0.001281,0.000113,0.000000,0.000000,0.000018,0.000004,0.436145,0.006930
13800.000000,111052.740400,105095.214467,0.002148,0.000287,0.001300,0.000116,0.000000,0.000000,0.000018,0.000004,0.413696,0.007384
14400.000000,111049.122593,105094.231138,0.002147,0.000287,0.001305,0.000118,0.000000,0.000001,0.000028,0.000004,0.400672,0.007838
15000.000000,111034.524928,105092.555115,0.002147,0.000287,0.001309,0.000120,0.000000,0.000011,0.000163,0.000004,0.398134,0.008291
15600.000000,111044.191357,105093.460239,0.002147,0.000287,0.001314,0.000122,0.000010,0.000024,0.000316,0.000004,0.403216,0.008744
16200.000000,111049.573968,105093.571189,0.002147,0.000287,0.001318,0.000124,0.000013,0.000036,0.000492,0.000004,0.415124,0.009199
16800.000000,111047.501409,105093.050102,0.002148,0.000287,0.001323,0.000126,0.000019,0.000049,0.000666,0.000004,0.427655,0.009653
17400.000000,111055.560706,105092.927413,0.002148,0.000287,0.001327,0.000129,0.000033,0.000063,0.000835,0.000004,0.439886,0.010106
18000.000000,111065.664430,105092.679521,0.002148,0.000287,0.001332,0.000131,0.000061,0.000077,0.000992,0.000004,0.447425,0.010560
18600.000000,111012.156344,105090.905048,0.002139,0.000286,0.001339,0.000133,0.000042,0.000061,0.001017,0.000004,0.425421,0.010560
19200.000000,111015.732363,105090.992604,0.002133,0.000286,0.001346,0.000135,0.000031,0.000055,0.001024,0.000004,0.409323,0.010560
19800.000000,111015.853900,105091.000101,0.002128,0.000286,0.001353,0.000138,0.000027,0.000049,0.001023,0.000004,0.397133,0.010561
20400.000000,111015.975585,105091.003047,0.002119,0.000285,0.001363,0.000140,0.000024,0.000045,0.001018,0.000004,0.385964,0.010561
21000.000000,111016.507003,105091.019411,0.002112,0.000284,0.001371,0.000142,0.000022,0.000042,0.001012,0.000004,0.378865,0.010561
21600.000000,111016.757754,105090.973240,0.002107,0.000283,0.001378,0.000144,0.000022,0.000039,0.001005,0.000004,0.374713,0.010562
22200.000000,111016.981654,105090.993967,0.002102,0.000282,0.001384,0.000147,0.000021,0.000037,0.000998,0.000004,0.377303,0.010562
22800.000000,111017.512025,105091.017109,0.002094,0.000281,0.001393,0.000149,0.000020,0.000034,0.000991,0.000004,0.378309,0.010562
23400.000000,111017.262090,105090.978556,0.002089,0.000281,0.001399,0.000151,0.000019,0.000032,0.000985,0.000004,0.382578,0.010563
24000.000000,111016.927561,105090.955587,0.002082,0.000280,0.001407,0.000153,0.000018,0.000031,0.000979,0.000004,0.380804,0.010563
24600.000000,111016.108217,105090.884769,0.002078,0.000279,0.001413,0.000156,0.000016,0.000029,0.000974,0.000004,0.382886,0.010563
25200.000000,111017.594407,105090.978006,0.002073,0.000279,0.001419,0.000158,0.000015,0.000027,0.000967,0.000004,0.388800,0.010563
25800.000000,111017.844739,105090.995900,0.002065,0.000278,0.001427,0.000160,0.000015,0.000024,0.000960,0.000004,0.392204,0.010564
26400.000000,111017.849772,105090.976503,0.002060,0.000277,0.001434,0.000162,0.000014,0.000023,0.000953,0.000004,0.396446,0.010564
27000.000000,111016.839704,105090.900072,0.002054,0.000277,0.001442,0.000165,0.000014,0.000021,0.000945,0.000004,0.397818,0.010564
27600.000000,111017.874131,105090.971560,0.002047,0.000276,0.001449,0.000167,0.000014,0.000020,0.000937,0.000004,0.404345,0.010564
28200.000000,111017.172369,105090.921319,0.002041,0.000275,0.001457,0.000169,0.000011,0.000018,0.000931,0.000004,0.411941,0.010565
28800.000000,111017.876879,105090.954026,0.002034,0.000274,0.001464,0.000171,0.000010,0.000017,0.000924,0.000004,0.418918,0.010565
29400.000000,111018.253423,105090.984510,0.002029,0.000273,0.001470,0.000173,0.000009,0.000015,0.000918,0.000004,0.423803,0.010565
30000.000000,111018.032718,105090.972035,0.002023,0.000272,0.001478,0.000176,0.000008,0.000014,0.000910,0.000004,0.431223,0.010565
30600.000000,111018.418664,105091.000579,0.002016,0.000271,0.001486,0.000178,0.000008,0.000013,0.000902,0.000004,0.438239,0.010565
31200.000000,111018.668254,105091.019015,0.002010,0.000271,0.001492,0.000180,0.000008,0.000011,0.000894,0.000004,0.445744,0.010566
31800.000000,111017.876908,105090.955229,0.002005,0.000270,0.001498,0.000182,0.000008,0.000010,0.000885,0.000004,0.454296,0.010566
32400.000000,111018.513555,105091.005434,0.002000,0.000269,0.001504,0.000184,0.000007,0.000009,0.000877,0.000004,0.463634,0.010566
33000.000000,111018.273463,105090.990544,0.001994,0.000269,0.001512,0.000187,0.000007,0.000009,0.000868,0.000004,0.474172,0.010566
33600.000000,111018.606733,105091.012811,0.001987,0.000268,0.001519,0.000189,0.000007,0.000008,0.000859,0.000004,0.478562,0.010567
34200.000000,111018.705780,105091.017852,0.001982,0.000267,0.001525,0.000191,0.000007,0.000007,0.000851,0.000004,0.485785,0.010567
34800.000000,111018.139477,105090.978569,0.001977,0.000266,0.001532,0.000193,0.000007,0.000007,0.000841,0.000004,0.492262,0.010567
35400.000000,111018.450549,105091.003695,0.001969,0.000266,0.001540,0.000195,0.000007,0.000006,0.000832,0.000004,0.507952,0.010568
36000.000000,111018.474406,105090.989233,0.001961,0.000265,0.001549,0.000197,0.000006,0.000006,0.000823,0.000004,0.518913,0.010568
36600.000000,111019.108203,105091.035013,0.001956,0.000264,0.001555,0.000199,0.000006,0.000006,0.000814,0.000004,0.527880,0.010568
37200.000000,111018.651687,105091.000206,0.001950,0.000263,0.001562,0.000202,0.000006,0.000005,0.000806,0.000004,0.531108,0.010569
37800.000000,111018.801120,105091.015623,0.001943,0.000262,0.001569,0.000204,0.000006,0.000005,0.000797,0.000004,0.538820,0.010569
38400.000000,111018.920810,105091.022918,0.001938,0.000262,0.001575,0.000206,0.000006,0.000005,0.000789,0.000004,0.545054,0.010569
39000.000000,111018.823448,105091.017414,0.001934,0.000261,0.001581,0.000208,0.000005,0.000004,0.000780,0.000004,0.557305,0.010569
39600.000000,111019.002343,105091.030532,0.001929,0.000260,0.001587,0.000210,0.000005,0.000004,0.000772,0.000004,0.564911,0.010570
40200.000000,111018.991402,105091.029677,0.001921,0.000259,0.001594,0.000212,0.000005,0.000004,0.000763,0.000004,0.579213,0.010570
40800.000000,111018.670753,105091.006207,0.001915,0.000258,0.001601,0.000214,0.000005,0.000003,0.000755,0.000004,0.593557,0.010570
41400.000000,111018.791920,105091.012777,0.001910,0.000258,0.001608,0.000217,0.000005,0.000003,0.000746,0.000004,0.607029,0.010570
42000.000000,111018.678650,105091.004613,0.001903,0.000257,0.001614,0.000219,0.000005,0.000003,0.000738,0.000004,0.619152,0.010571
42600.000000,111019.170491,105091.041874,0.001901,0.000256,0.001619,0.000221,0.000005,0.000003,0.000729,0.000004,0.634291,0.010571
43200.000000,111018.469294,105090.985746,0.001892,0.000255,0.001628,0.000223,0.000005,0.000002,0.000721,0.000004,0.646015,0.010571
43800.000000,111019.179841,105091.043063,0.001886,0.000254,0.001634,0.000225,0.000005,0.000002,0.000713,0.000004,0.652226,0.010571
44400.000000,111019.061991,105091.033381,0.001882,0.000253,0.001640,0.000227,0.000004,0.000002,0.000706,0.000004,0.663766,0.010572
45000.000000,111019.156762,105091.039650,0.001877,0.000253,0.001646,0.000229,0.000004,0.000002,0.000698,0.000004,0.674282,0.010572
45600.000000,111019.136679,105091.037998,0.001871,0.000252,0.001653,0.000232,0.000004,0.000002,0.000691,0.000004,0.685503,0.010572
46200.000000,111018.441738,105090.984573,0.001864,0.000251,0.001661,0.000234,0.000004,0.000001,0.000683,0.000004,0.694515,0.010573
46800.000000,111018.835125,105091.009655,0.001857,0.000250,0.001670,0.000236,0.000004,0.000001,0.000675,0.000004,0.697553,0.010573
47400.000000,111018.689473,105090.983508,0.001851,0.000249,0.001677,0.000238,0.000004,0.000001,0.000668,0.000004,0.700208,0.010573
48000.000000,111018.650742,105090.985055,0.001842,0.000248,0.001687,0.000240,0.000003,0.000001,0.000660,0.000004,0.699211,0.010574
48600.000000,111018.960217,105091.009948,0.001835,0.000247,0.001695,0.000242,0.000003,0.000001,0.000653,0.000004,0.702628,0.010574
49200.000000,111018.686692,105090.986092,0.001829,0.000246,0.001702,0.000244,0.000003,0.000001,0.000646,0.000004,0.706582,0.010575
49800.000000,111019.076522,105091.021063,0.001824,0.000245,0.001708,0.000246,0.000002,0.000001,0.000640,0.000004,0.713344,0.010575
50400.000000,111019.219940,105091.033256,0.001819,0.000245,0.001714,0.000248,0.000002,0.000001,0.000635,0.000004,0.723361,0.010575
51000.000000,111018.943622,105091.010540,0.001812,0.000244,0.001720,0.000250,0.000002,0.000001,0.000629,0.000004,0.729144,0.010575
51600.000000,111019.295088,105091.039696,0.001806,0.000243,0.001728,0.000252,0.000001,0.000000,0.000623,0.000004,0.734754,0.010576
52200.000000,111019.220606,105091.033666,0.001799,0.000243,0.001735,0.000254,0.000001,0.000000,0.000617,0.000004,0.731598,0.010576
52800.000000,111019.325856,105091.041810,0.001794,0.000242,0.001741,0.000256,0.000001,0.000000,0.000612,0.000004,0.733049,0.010576
53400.000000,111019.118105,105091.024918,0.001787,0.000241,0.001749,0.000258,0.000001,0.000000,0.000606,0.000004,0.732129,0.010577
54000.000000,111019.042835,105091.018140,0.001781,0.000240,0.001756,0.000260,0.000000,0.000000,0.000600,0.000004,0.740555,0.010577
54600.000000,111019.254495,105091.036524,0.001775,0.000239,0.001763,0.000263,0.000000,0.000000,0.000595,0.000004,0.742402,0.010577
55200.000000,111019.160102,105091.028604,0.001770,0.000238,0.001770,0.000265,0.000000,0.000000,0.000589,0.000004,0.747070,0.010578
55800.000000,111019.218168,105091.033143,0.001765,0.000238,0.001775,0.000267,0.000000,0.000000,0.000584,0.000004,0.755363,0.010578
56400.000000,111019.247254,105091.034161,0.001760,0.000237,0.001782,0.000269,0.000000,0.000000,0.000579,0.000004,0.757120,0.010578
57000.000000,111019.202661,105091.026356,0.001753,0.000236,0.001790,0.000271,0.000000,0.000000,0.000574,0.000004,0.753967,0.010578
57600.000000,111019.136879,105091.011740,0.001744,0.000235,0.001800,0.000272,0.000000,0.000000,0.000569,0.000004,0.746918,0.010579
58200.000000,111019.333537,105091.026317,0.001739,0.000234,0.001806,0.000274,0.000000,0.000000,0.000564,0.000004,0.751970,0.010579
58800.000000,111018.785004,105090.974384,0.001733,0.000233,0.001813,0.000276,0.000000,0.000000,0.000559,0.000004,0.748956,0.010579
59400.000000,111019.242547,105091.021140,0.001726,0.000232,0.001822,0.000278,0.000000,0.000000,0.000554,0.000004,0.746460,0.010580
60000.000000,111019.149376,105091.011591,0.001718,0.000231,0.001832,0.000280,0.000000,0.000000,0.000549,0.000004,0.739715,0.010580
60600.000000,111019.312858,105091.021842,0.001711,0.000230,0.001839,0.000282,0.000000,0.000000,0.000545,0.000004,0.735228,0.010580
61200.000000,111019.136946,105091.009060,0.001705,0.000229,0.001846,0.000284,0.000000,0.000000,0.000540,0.000004,0.731110,0.010581
61800.000000,111019.072787,105091.004821,0.001700,0.000228,0.001853,0.000286,0.000000,0.000000,0.000536,0.000004,0.725635,0.010581
62400.000000,111019.318203,105091.026542,0.001693,0.000228,0.001861,0.000288,0.000000,0.000000,0.000532,0.000004,0.723238,0.010581
63000.000000,111019.015290,105090.999369,0.001684,0.000227,0.001871,0.000290,0.000000,0.000000,0.000527,0.000004,0.714340,0.010582
63600.000000,111018.569563,105090.959178,0.001679,0.000226,0.001878,0.000292,0.000000,0.000000,0.000523,0.000004,0.708232,0.010582
64200.000000,111018.972955,105090.995508,0.001668,0.000225,0.001890,0.000294,0.000000,0.000000,0.000519,0.000004,0.694993,0.010582
64800.000000,111019.188540,105091.015446,0.001661,0.000224,0.001898,0.000296,0.000000,0.000000,0.000515,0.000004,0.691548,0.010582
65400.000000,111019.174451,105091.013325,0.001656,0.000223,0.001904,0.000298,0.000000,0.000000,0.000512,0.000004,0.689359,0.010583
66000.000000,111019.474259,105091.040646,0.001651,0.000222,0.001911,0.000300,0.000000,0.000000,0.000508,0.000004,0.691289,0.010583
66600.000000,111019.165486,105091.011768,0.001643,0.000221,0.001920,0.000302,0.000000,0.000000,0.000504,0.000004,0.684577,0.010583
67200.000000,111018.930105,105090.988538,0.001636,0.000220,0.001928,0.000304,0.000000,0.000000,0.000501,0.000004,0.681839,0.010584
67800.000000,111018.883796,105090.980329,0.001628,0.000219,0.001937,0.000306,0.000000,0.000000,0.000497,0.000004,0.677718,0.010584
68400.000000,111019.218528,105091.002915,0.001620,0.000218,0.001946,0.000307,0.000000,0.000000,0.000493,0.000004,0.677127,0.010584
69000.000000,111019.311237,105091.010595,0.001612,0.000217,0.001956,0.000309,0.000000,0.000000,0.000490,0.000004,0.675570,0.010585
69600.000000,111019.024526,105090.980839,0.001607,0.000216,0.001962,0.000311,0.000000,0.000000,0.000487,0.000004,0.679376,0.010585
70200.000000,111019.212623,105091.003510,0.001601,0.000215,0.001970,0.000313,0.000000,0.000000,0.000484,0.000004,0.678706,0.010585
70800.000000,111019.049214,105090.986959,0.001594,0.000214,0.001978,0.000315,0.000000,0.000000,0.000480,0.000004,0.680378,0.010586
71400.000000,111019.596977,105091.040590,0.001589,0.000214,0.001984,0.000317,0.000000,0.000000,0.000477,0.000004,0.683832,0.010586
72000.000000,111019.240561,105091.005521,0.001583,0.000213,0.001991,0.000319,0.000000,0.000000,0.000474,0.000004,0.687666,0.010586
72600.000000,111019.423445,105091.024405,0.001577,0.000212,0.002000,0.000321,0.000000,0.000000,0.000471,0.000004,0.682840,0.010586
73200.000000,111019.339137,105091.016061,0.001568,0.000211,0.002008,0.000323,0.000000,0.000000,0.000468,0.000004,0.683651,0.010587
73800.000000,111019.454792,105091.027236,0.001560,0.000210,0.002018,0.000325,0.000000,0.000000,0.000465,0.000004,0.682716,0.010587
74400.000000,111019.351372,105091.016717,0.001554,0.000209,0.002026,0.000327,0.000000,0.000000,0.000462,0.000004,0.682483,0.010587
75000.000000,111018.881198,105090.971688,0.001544,0.000208,0.002039,0.000328,0.000000,0.000000,0.000458,0.000004,0.671625,0.010588
75600.000000,111019.238732,105091.005695,0.001537,0.000207,0.002046,0.000330,0.000000,0.000000,0.000456,0.000004,0.672641,0.010588
76200.000000,111019.439565,105091.025785,0.001533,0.000206,0.002052,0.000332,0.000000,0.000000,0.000453,0.000004,0.676777,0.010588
76800.000000,111019.608965,105091.042380,0.001527,0.000205,0.002059,0.000334,0.000000,0.000000,0.000450,0.000004,0.679633,0.010589
77400.000000,111019.312217,105091.014313,0.001522,0.000204,0.002066,0.000336,0.000000,0.000000,0.000447,0.000004,0.681707,0.010589
78000.000000,111019.418258,105091.025149,0.001515,0.000204,0.002074,0.000338,0.000000,0.000000,0.000444,0.000004,0.679111,0.010590
78600.000000,111019.325342,105091.015780,0.001508,0.000203,0.002083,0.000340,0.000000,0.000000,0.000441,0.000004,0.676218,0.010590
79200.000000,111019.146580,105090.997263,0.001499,0.000202,0.002093,0.000342,0.000000,0.000000,0.000438,0.000004,0.669821,0.010591
79800.000000,111019.033200,105090.987628,0.001492,0.000201,0.002101,0.000344,0.000000,0.000000,0.000435,0.000004,0.670650,0.010591
80400.000000,111018.951727,105090.979005,0.001485,0.000200,0.002109,0.000346,0.000000,0.000000,0.000432,0.000004,0.672531,0.010591
81000.000000,111019.405389,105091.022668,0.001478,0.000199,0.002118,0.000347,0.000000,0.000000,0.000429,0.000004,0.669014,0.010591
81600.000000,111019.186303,105091.001787,0.001470,0.000198,0.002127,0.000349,0.000000,0.000000,0.000426,0.000004,0.670298,0.010592
82200.000000,111019.330118,105091.015967,0.001462,0.000197,0.002136,0.000351,0.000000,0.000000,0.000423,0.000004,0.669092,0.010592
82800.000000,111018.772728,105090.960985,0.001454,0.000196,0.002145,0.000353,0.000000,0.000000,0.000420,0.000004,0.664801,0.010592
83400.000000,111018.792464,105090.963297,0.001446,0.000195,0.002154,0.000355,0.000000,0.000000,0.000417,0.000004,0.662387,0.010593
84000.000000,111019.355343,105091.018259,0.001440,0.000193,0.002163,0.000356,0.000000,0.000000,0.000414,0.000004,0.664939,0.010593
84600.000000,111019.127521,105090.989794,0.001434,0.000193,0.002171,0.000358,0.000000,0.000000,0.000411,0.000004,0.663221,0.010594
85200.000000,111019.298069,105091.013101,0.001428,0.000192,0.002178,0.000360,0.000000,0.000000,0.000408,0.000004,0.663659,0.010594
85800.000000,111019.236854,105091.005339,0.001421,0.000191,0.002187,0.000362,0.000000,0.000000,0.000405,0.000004,0.661413,0.010594
86400.000000,111019.318510,105091.011658,0.001412,0.000190,0.002196,0.000364,0.000000,0.000000,0.000402,0.000004,0.657476,0.010595
87000.000000,111019.192195,105090.999887,0.001403,0.000189,0.002206,0.000365,0.000000,0.000000,0.000399,0.000004,0.653773,0.010595
87600.000000,111019.323527,105091.016005,0.001395,0.000188,0.002215,0.000367,0.000000,0.000000,0.000396,0.000004,0.653398,0.010595
88200.000000,111019.447086,105091.028136,0.001388,0.000187,0.002224,0.000369,0.000000,0.000000,0.000393,0.000004,0.652465,0.010596
88800.000000,111018.983909,105090.982577,0.001384,0.000187,0.002229,0.000371,0.000000,0.000000,0.000390,0.000004,0.656956,0.010596
89400.000000,111019.220534,105091.005833,0.001377,0.000186,0.002238,0.000372,0.000000,0.000000,0.000387,0.000004,0.654120,0.010596
90000.000000,111019.369107,105091.019731,0.001371,0.000185,0.002245,0.000374,0.000000,0.000000,0.000384,0.000004,0.656772,0.010596
90600.000000,111018.886529,105090.972554,0.001363,0.000184,0.002254,0.000376,0.000000,0.000000,0.000381,0.000004,0.652301,0.010597
91200.000000,111019.295474,105091.013108,0.001355,0.000183,0.002263,0.000378,0.000000,0.000000,0.000378,0.000004,0.649770,0.010597
91800.000000,111019.253178,105091.009110,0.001349,0.000182,0.002272,0.000379,0.000000,0.000000,0.000376,0.000004,0.647935,0.010598
92400.000000,111019.179490,105091.001190,0.001342,0.000181,0.002280,0.000381,0.000000,0.000000,0.000373,0.000004,0.651262,0.010598
93000.000000,111018.248508,105090.908479,0.001336,0.000181,0.002287,0.000383,0.000000,0.000000,0.000370,0.000004,0.649595,0.010598
93600.000000,111019.437702,105091.026605,0.001328,0.000179,0.002298,0.000384,0.000000,0.000000,0.000367,0.000004,0.646380,0.010599
94200.000000,111019.399968,105091.023262,0.001322,0.000178,0.002305,0.000386,0.000000,0.000000,0.000364,0.000004,0.651555,0.010599
94800.000000,111019.418641,105091.025177,0.001316,0.000177,0.002313,0.000388,0.000000,0.000000,0.000361,0.000004,0.650703,0.010599
95400.000000,111019.543388,105091.036838,0.001310,0.000176,0.002320,0.000390,0.000000,0.000000,0.000359,0.000004,0.649896,0.010599
96000.000000,111019.268935,105091.009519,0.001303,0.000176,0.002328,0.000391,0.000000,0.000000,0.000356,0.000004,0.643719,0.010600
96600.000000,111019.332100,105091.015241,0.001295,0.000175,0.002337,0.000393,0.000000,0.000000,0.000353,0.000004,0.642301,0.010600
97200.000000,111019.149240,105090.995832,0.001288,0.000174,0.002344,0.000395,0.000000,0.000000,0.000351,0.000004,0.644305,0.010600
97800.000000,111019.286564,105091.010738,0.001280,0.000173,0.002354,0.000396,0.000000,0.000000,0.000348,0.000004,0.639501,0.010601
98400.000000,111019.205992,105091.003548,0.001271,0.000172,0.002364,0.000398,0.000000,0.000000,0.000346,0.000004,0.633605,0.010601
99000.000000,111019.467832,105091.029451,0.001265,0.000171,0.002371,0.000400,0.000000,0.000000,0.000343,0.000004,0.635563,0.010601
99600.000000,111019.390077,105091.021603,0.001256,0.000169,0.002382,0.000401,0.000000,0.000000,0.000340,0.000004,0.626771,0.010602
100200.000000,111019.638352,105091.045596,0.001249,0.000168,0.002390,0.000403,0.000000,0.000000,0.000338,0.000004,0.625299,0.010602
100800.000000,111019.345273,105091.016948,0.001243,0.000168,0.002397,0.000404,0.000000,0.000000,0.000335,0.000004,0.631628,0.010602
101400.000000,111019.442774,105091.026914,0.001238,0.000167,0.002404,0.000406,0.000000,0.000000,0.000333,0.000004,0.633114,0.010602
102000.000000,111019.743110,105091.056900,0.001231,0.000166,0.002412,0.000408,0.000000,0.000000,0.000331,0.000004,0.635167,0.010603
102600.000000,111019.558282,105091.038447,0.001225,0.000165,0.002418,0.000409,0.000000,0.000000,0.000329,0.000004,0.637109,0.010603
103200.000000,111018.927128,105090.975995,0.001219,0.000164,0.002427,0.000411,0.000000,0.000000,0.000326,0.000004,0.635565,0.010603
103800.000000,111019.666560,105091.049398,0.001213,0.000164,0.002435,0.000413,0.000000,0.000000,0.000324,0.000004,0.635603,0.010604
104400.000000,111019.178201,105091.001015,0.001207,0.000163,0.002443,0.000414,0.000000,0.000000,0.000322,0.000004,0.638136,0.010604
105000.000000,111019.509049,105091.033447,0.001199,0.000162,0.002451,0.000416,0.000000,0.000000,0.000320,0.000004,0.639208,0.010604
105600.000000,111019.291753,105091.011791,0.001194,0.000161,0.002458,0.000418,0.000000,0.000000,0.000318,0.000004,0.644495,0.010604
106200.000000,111019.047088,105090.986345,0.001187,0.000160,0.002466,0.000419,0.000000,0.000000,0.000315,0.000004,0.645431,0.010605
106800.000000,111019.653518,105091.048601,0.001183,0.000160,0.002472,0.000421,0.000000,0.000000,0.000313,0.000004,0.648466,0.010605
107400.000000,111019.413489,105091.024689,0.001177,0.000159,0.002479,0.000422,0.000000,0.000000,0.000311,0.000004,0.652309,0.010605
108000.000000,111019.576921,105091.040681,0.001171,0.000159,0.002487,0.000424,0.000000,0.000000,0.000309,0.000004,0.653623,0.010605
108600.000000,111019.646031,105091.047709,0.001164,0.000158,0.002495,0.000426,0.000000,0.000000,0.000308,0.000004,0.652781,0.010606
109200.000000,111019.501865,105091.032996,0.001158,0.000157,0.002501,0.000427,0.000000,0.000000,0.000306,0.000004,0.652615,0.010606
109800.000000,111019.634814,105091.046703,0.001151,0.000156,0.002511,0.000429,0.000000,0.000000,0.000304,0.000004,0.644889,0.010606
110400.000000,111018.603066,105090.942659,0.001143,0.000155,0.002520,0.000430,0.000000,0.000000,0.000302,0.000004,0.646300,0.010607
111000.000000,111019.581687,105091.041394,0.001136,0.000154,0.002529,0.000432,0.000000,0.000000,0.000300,0.000004,0.648378,0.010607
111600.000000,111019.051201,105090.972471,0.001129,0.000153,0.002539,0.000433,0.000000,0.000000,0.000298,0.000004,0.643824,0.010607
112200.000000,111019.432457,105091.015077,0.001122,0.000152,0.002548,0.000435,0.000000,0.000000,0.000296,0.000004,0.642830,0.010608
112800.000000,111019.708726,105091.044376,0.001114,0.000151,0.002557,0.000436,0.000000,0.000000,0.000294,0.000004,0.645987,0.010608
113400.000000,111019.399775,105091.004064,0.001109,0.000150,0.002566,0.000438,0.000000,0.000000,0.000292,0.000004,0.647977,0.010608
114000.000000,111019.046261,105090.973355,0.001103,0.000149,0.002574,0.000439,0.000000,0.000000,0.000290,0.000004,0.648070,0.010608
114600.000000,111019.453301,105091.017002,0.001097,0.000148,0.002582,0.000441,0.000000,0.000000,0.000288,0.000004,0.650565,0.010609
115200.000000,111019.288123,105091.000021,0.001091,0.000147,0.002590,0.000442,0.000000,0.000000,0.000287,0.000004,0.651317,0.010609
115800.000000,111019.415263,105091.013497,0.001085,0.000147,0.002598,0.000444,0.000000,0.000000,0.000285,0.000004,0.652804,0.010609
116400.000000,111019.242962,105090.995055,0.001078,0.000146,0.002608,0.000445,0.000000,0.000000,0.000283,0.000004,0.653098,0.010610
117000.000000,111019.557662,105091.028519,0.001074,0.000145,0.002614,0.000447,0.000000,0.000000,0.000281,0.000004,0.655569,0.010610
117600.000000,111019.015276,105090.970386,0.001067,0.000144,0.002624,0.000449,0.000000,0.000000,0.000280,0.000004,0.650813,0.010610
118200.000000,111019.574860,105091.030613,0.001061,0.000143,0.002631,0.000450,0.000000,0.000000,0.000278,0.000004,0.654457,0.010610
118800.000000,111019.694959,105091.042972,0.001054,0.000143,0.002640,0.000452,0.000000,0.000000,0.000277,0.000004,0.655619,0.010611
119400.000000,111019.167763,105090.987220,0.001047,0.000142,0.002650,0.000453,0.000000,0.000000,0.000275,0.000004,0.656175,0.010611
120000.000000,111019.530582,105091.025080,0.001041,0.000141,0.002658,0.000455,0.000000,0.000000,0.000273,0.000004,0.655142,0.010611
120600.000000,111019.568451,105091.028040,0.001034,0.000140,0.002667,0.000456,0.000000,0.000000,0.000272,0.000004,0.654404,0.010611
121200.000000,111018.527736,105090.919247,0.001028,0.000139,0.002676,0.000458,0.000000,0.000000,0.000270,0.000004,0.654843,0.010612
121800.000000,111019.654527,105091.038789,0.001022,0.000138,0.002684,0.000459,0.000000,0.000000,0.000269,0.000004,0.654895,0.010612
122400.000000,111019.435079,105091.015379,0.001018,0.000137,0.002691,0.000461,0.000000,0.000000,0.000267,0.000004,0.655859,0.010612
123000.000000,111019.690303,105091.042754,0.001009,0.000136,0.002702,0.000462,0.000000,0.000000,0.000266,0.000004,0.648312,0.010612
123600.000000,111019.621873,105091.034042,0.001003,0.000136,0.002711,0.000464,0.000000,0.000000,0.000264,0.000004,0.651169,0.010613
124200.000000,111019.762833,105091.050371,0.000996,0.000135,0.002720,0.000465,0.000000,0.000000,0.000263,0.000004,0.654095,0.010613
124800.000000,111019.789097,105091.050698,0.000991,0.000134,0.002727,0.000467,0.000000,0.000000,0.000261,0.000004,0.653169,0.010613
125400.000000,111019.526863,105091.025396,0.000984,0.000133,0.002736,0.000468,0.000000,0.000000,0.000260,0.000004,0.654932,0.010613
126000.000000,111019.674911,105091.041042,0.000979,0.000133,0.002743,0.000470,0.000000,0.000000,0.000259,0.000004,0.652707,0.010614
126600.000000,111019.750518,105091.049292,0.000974,0.000132,0.002751,0.000472,0.000000,0.000000,0.000257,0.000004,0.652887,0.010614
127200.000000,111019.652519,105091.037680,0.000968,0.000131,0.002759,0.000473,0.000000,0.000000,0.000256,0.000004,0.651053,0.010614
127800.000000,111019.510968,105091.022818,0.000963,0.000131,0.002766,0.000475,0.000000,0.000000,0.000255,0.000004,0.649933,0.010614
128400.000000,111019.529841,105091.022452,0.000957,0.000130,0.002774,0.000476,0.000000,0.000000,0.000253,0.000004,0.648750,0.010615
129000.000000,111019.321804,105091.001790,0.000953,0.000129,0.002782,0.000478,0.000000,0.000000,0.000252,0.000004,0.647139,0.010615
129600.000000,111019.558165,105091.027074,0.000944,0.000128,0.002794,0.000479,0.000000,0.000000,0.000251,0.000004,0.641537,0.010615
130200.000000,111019.658250,105091.037813,0.000936,0.000127,0.002805,0.000481,0.000000,0.000000,0.000249,0.000004,0.636922,0.010615
130800.000000,111019.361592,105091.006126,0.000930,0.000126,0.002813,0.000482,0.000000,0.000000,0.000248,0.000004,0.633726,0.010616
131400.000000,111019.330655,105091.002882,0.000923,0.000125,0.002822,0.000484,0.000000,0.000000,0.000247,0.000004,0.631713,0.010616
132000.000000,111019.228322,105090.990278,0.000917,0.000124,0.002831,0.000485,0.000000,0.000000,0.000245,0.000004,0.634871,0.010616
132600.000000,111019.292781,105090.998921,0.000911,0.000123,0.002840,0.000487,0.000000,0.000000,0.000244,0.000004,0.634771,0.010616
133200.000000,111019.223712,105090.991671,0.000905,0.000122,0.002849,0.000488,0.000000,0.000000,0.000243,0.000004,0.635148,0.010617
133800.000000,111019.387339,105091.009424,0.000898,0.000121,0.002858,0.000489,0.000000,0.000000,0.000241,0.000004,0.632501,0.010617
134400.000000,111019.684106,105091.041135,0.000892,0.000120,0.002866,0.000491,0.000000,0.000000,0.000240,0.000004,0.634202,0.010617
135000.000000,111019.612983,105091.033405,0.000886,0.000119,0.002874,0.000492,0.000000,0.000000,0.000239,0.000004,0.637235,0.010617
135600.000000,111019.552924,105091.027030,0.000879,0.000119,0.002884,0.000494,0.000000,0.000000,0.000238,0.000004,0.638654,0.010617
136200.000000,111019.657037,105091.038491,0.000873,0.000118,0.002893,0.000495,0.000000,0.000000,0.000237,0.000004,0.640689,0.010618
136800.000000,111019.462718,105091.010316,0.000865,0.000117,0.002902,0.000497,0.000000,0.000000,0.000236,0.000004,0.641944,0.010618
137400.000000,111019.222183,105090.983298,0.000862,0.000117,0.002908,0.000498,0.000000,0.000000,0.000234,0.000004,0.643579,0.010618
138000.000000,111019.722980,105091.039030,0.000855,0.000116,0.002918,0.000500,0.000000,0.000000,0.000233,0.000004,0.641702,0.010619
138600.000000,111019.677929,105091.034288,0.000850,0.000115,0.002924,0.000501,0.000000,0.000000,0.000232,0.000004,0.649513,0.010619
139200.000000,111019.419368,105091.004074,0.000846,0.000115,0.002930,0.000503,0.000000,0.000000,0.000231,0.000004,0.651990,0.010619
139800.000000,111019.541895,105091.018122,0.000838,0.000114,0.002941,0.000504,0.000000,0.000000,0.000230,0.000004,0.646141,0.010619
140400.000000,111019.652701,105091.028674,0.000833,0.000113,0.002948,0.000506,0.000000,0.000000,0.000229,0.000004,0.650970,0.010620
141000.000000,111019.463893,105091.008713,0.000826,0.000113,0.002957,0.000507,0.000000,0.000000,0.000228,0.000004,0.642314,0.010620
141600.000000,111019.410544,105091.001720,0.000819,0.000111,0.002967,0.000508,0.000000,0.000000,0.000227,0.000004,0.642474,0.010620
142200.000000,111019.735285,105091.039796,0.000812,0.000111,0.002976,0.000510,0.000000,0.000000,0.000226,0.000004,0.645692,0.010620
142800.000000,111019.606697,105091.025111,0.000806,0.000110,0.002984,0.000511,0.000000,0.000000,0.000225,0.000004,0.645614,0.010621
143400.000000,111019.473626,105091.010089,0.000802,0.000109,0.002991,0.000513,0.000000,0.000000,0.000224,0.000004,0.647789,0.010621
144000.000000,111019.454005,105091.008140,0.000796,0.000108,0.002999,0.000514,0.000000,0.000000,0.000223,0.000004,0.651380,0.010621
144600.000000,111019.703525,105091.036532,0.000791,0.000108,0.003006,0.000515,0.000000,0.000000,0.000222,0.000004,0.654115,0.010621
145200.000000,111019.741138,105091.040815,0.000786,0.000107,0.003013,0.000517,0.000000,0.000000,0.000221,0.000004,0.654788,0.010621
145800.000000,111019.712229,105091.037693,0.000780,0.000106,0.003021,0.000518,0.000000,0.000000,0.000220,0.000004,0.658371,0.010621
146400.000000,111019.659246,105091.029643,0.000776,0.000105,0.003027,0.000520,0.000000,0.000000,0.000219,0.000004,0.660876,0.010622
147000.000000,111019.731039,105091.039975,0.000771,0.000105,0.003035,0.000521,0.000000,0.000000,0.000218,0.000004,0.666089,0.010622
147600.000000,111019.717282,105091.038512,0.000765,0.000104,0.003043,0.000523,0.000000,0.000000,0.000217,0.000004,0.666347,0.010622
148200.000000,111019.612432,105091.026869,0.000759,0.000103,0.003051,0.000524,0.000000,0.000000,0.000216,0.000004,0.670621,0.010622
148800.000000,111018.901878,105090.945290,0.000751,0.000102,0.003062,0.000525,0.000000,0.000000,0.000215,0.000004,0.668732,0.010622
149400.000000,111019.580751,105091.023265,0.000746,0.000101,0.003069,0.000527,0.000000,0.000000,0.000214,0.000004,0.669178,0.010623
150000.000000,111019.394726,105091.002701,0.000741,0.000101,0.003076,0.000528,0.000000,0.000000,0.000213,0.000004,0.671221,0.010623
150600.000000,111019.619376,105091.027780,0.000736,0.000100,0.003083,0.000530,0.000000,0.000000,0.000212,0.000004,0.673363,0.010623
151200.000000,111019.921112,105091.061304,0.000731,0.000099,0.003091,0.000531,0.000000,0.000000,0.000211,0.000004,0.668931,0.010623
151800.000000,111019.440832,105090.996961,0.000726,0.000099,0.003098,0.000532,0.000000,0.000000,0.000210,0.000004,0.671167,0.010623
152400.000000,111019.686564,105091.027052,0.000718,0.000098,0.003109,0.000533,0.000000,0.000000,0.000209,0.000004,0.660706,0.010624
153000.000000,111019.733552,105091.034642,0.000711,0.000097,0.003118,0.000535,0.000000,0.000000,0.000208,0.000004,0.652775,0.010624
153600.000000,111019.812372,105091.043459,0.000705,0.000096,0.003126,0.000536,0.000000,0.000000,0.000208,0.000004,0.655751,0.010624
154200.000000,111019.673268,105091.027773,0.000698,0.000095,0.003136,0.000537,0.000000,0.000000,0.000207,0.000004,0.653896,0.010624
154800.000000,111019.805228,105091.043157,0.000693,0.000094,0.003143,0.000539,0.000000,0.000000,0.000206,0.000004,0.654853,0.010625
155400.000000,111019.770759,105091.038661,0.000688,0.000093,0.003149,0.000540,0.000000,0.000000,0.000205,0.000004,0.660315,0.010625
156000.000000,111019.747264,105091.036257,0.000684,0.000093,0.003156,0.000541,0.000000,0.000000,0.000204,0.000004,0.665322,0.010625
156600.000000,111019.892115,105091.053338,0.000679,0.000092,0.003163,0.000543,0.000000,0.000000,0.000203,0.000004,0.670524,0.010625
157200.000000,111019.255411,105090.976695,0.000674,0.000091,0.003169,0.000544,0.000000,0.000000,0.000203,0.000004,0.671094,0.010625
157800.000000,111019.612128,105091.017490,0.000669,0.000091,0.003177,0.000545,0.000000,0.000000,0.000202,0.000004,0.673252,0.010625
158400.000000,111019.166466,105090.964438,0.000664,0.000090,0.003184,0.000547,0.000000,0.000000,0.000201,0.000004,0.676779,0.010626
159000.000000,111019.852082,105091.045372,0.000656,0.000090,0.003194,0.000548,0.000000,0.000000,0.000200,0.000004,0.679486,0.010626
159600.000000,111019.948772,105091.057466,0.000652,0.000089,0.003200,0.000549,0.000000,0.000000,0.000199,0.000004,0.682374,0.010626
160200.000000,111019.712897,105091.029821,0.000645,0.000088,0.003209,0.000550,0.000000,0.000000,0.000199,0.000004,0.675432,0.010626
160800.000000,111019.846877,105091.045373,0.000639,0.000087,0.003218,0.000552,0.000000,0.000000,0.000198,0.000004,0.678650,0.010627
161400.000000,111019.713595,105091.029537,0.000634,0.000086,0.003225,0.000553,0.000000,0.000000,0.000197,0.000004,0.677862,0.010627
162000.000000,111019.693687,105091.027153,0.000627,0.000085,0.003235,0.000554,0.000000,0.000000,0.000196,0.000004,0.676403,0.010627
162600.000000,111019.853947,105091.046836,0.000620,0.000085,0.003244,0.000555,0.000000,0.000000,0.000195,0.000004,0.668812,0.010627
163200.000000,111019.774031,105091.037458,0.000614,0.000084,0.003253,0.000556,0.000000,0.000000,0.000194,0.000004,0.669421,0.010628
163800.000000,111019.691035,105091.027765,0.000608,0.000083,0.003261,0.000558,0.000000,0.000000,0.000194,0.000004,0.670470,0.010628
164400.000000,111019.680316,105091.026315,0.000602,0.000082,0.003270,0.000559,0.000000,0.000000,0.000193,0.000004,0.673970,0.010628
165000.000000,111019.314960,105090.983360,0.000596,0.000082,0.003278,0.000560,0.000000,0.000000,0.000192,0.000004,0.682115,0.010628
165600.000000,111019.797376,105091.035157,0.000591,0.000081,0.003285,0.000561,0.000000,0.000000,0.000191,0.000004,0.681706,0.010628
166200.000000,111019.663875,105091.019488,0.000585,0.000080,0.003293,0.000562,0.000000,0.000000,0.000191,0.000004,0.687046,0.010628
166800.000000,111019.536270,105091.007228,0.000580,0.000080,0.003300,0.000563,0.000000,0.000000,0.000190,0.000004,0.688986,0.010629
167400.000000,111019.608586,105091.013921,0.000575,0.000079,0.003308,0.000564,0.000000,0.000000,0.000189,0.000004,0.687762,0.010629
168000.000000,111019.810320,105091.040017,0.000570,0.000078,0.003315,0.000565,0.000000,0.000000,0.000189,0.000004,0.688503,0.010629
168600.000000,111019.869475,105091.043463,0.000564,0.000077,0.003323,0.000566,0.000000,0.000000,0.000188,0.000004,0.694206,0.010629
169200.000000,111019.782431,105091.030305,0.000560,0.000077,0.003329,0.000567,0.000000,0.000000,0.000187,0.000004,0.692770,0.010629
169800.000000,111019.761875,105091.020365,0.000554,0.000076,0.003337,0.000568,0.000000,0.000000,0.000187,0.000004,0.699056,0.010629
170400.000000,111019.290000,105090.943528,0.000549,0.000075,0.003344,0.000569,0.000000,0.000000,0.000186,0.000004,0.699803,0.010630
171000.000000,111019.523374,105090.964236,0.000543,0.000075,0.003353,0.000569,0.000000,0.000000,0.000185,0.000004,0.698896,0.010630
171600.000000,111019.689741,105090.983550,0.000538,0.000074,0.003359,0.000570,0.000000,0.000000,0.000185,0.000004,0.703410,0.010630
172200.000000,111019.801887,105090.998553,0.000534,0.000073,0.003366,0.000571,0.000000,0.000000,0.000184,0.000004,0.709651,0.010630
172800.000000,111019.898139,105091.012177,0.000529,0.000073,0.003371,0.000572,0.000000,0.000000,0.000183,0.000004,0.711936,0.010630
173400.000000,111019.233258,105090.918641,0.000523,0.000072,0.003380,0.000572,0.000000,0.000000,0.000183,0.000004,0.715050,0.010630
174000.000000,111019.881692,105091.013056,0.000518,0.000071,0.003388,0.000573,0.000000,0.000000,0.000182,0.000004,0.715171,0.010631
174600.000000,111019.956985,105091.023885,0.000513,0.000071,0.003395,0.000573,0.000000,0.000000,0.000182,0.000004,0.712040,0.010631
175200.000000,111019.962486,105091.025423,0.000508,0.000070,0.003401,0.000574,0.000000,0.000000,0.000181,0.000004,0.708627,0.010631
175800.000000,111019.967237,105091.026474,0.000503,0.000070,0.003408,0.000575,0.000000,0.000000,0.000180,0.000004,0.709352,0.010631
176400.000000,111020.008234,105091.032307,0.000499,0.000070,0.003413,0.000575,0.000000,0.000000,0.000180,0.000004,0.711438,0.010631
177000.000000,111019.762585,105090.991620,0.000495,0.000069,0.003419,0.000576,0.000000,0.000000,0.000179,0.000004,0.713468,0.010631
177600.000000,111019.934405,105091.008045,0.000490,0.000069,0.003425,0.000577,0.000000,0.000000,0.000179,0.000004,0.718537,0.010631
178200.000000,111019.806140,105090.994048,0.000486,0.000068,0.003431,0.000577,0.000000,0.000000,0.000178,0.000004,0.718469,0.010631
178800.000000,111018.622772,105090.818559,0.000482,0.000067,0.003438,0.000578,0.000000,0.000000,0.000178,0.000004,0.711491,0.010632
179400.000000,111019.743489,105090.978894,0.000476,0.000067,0.003445,0.000578,0.000000,0.000000,0.000177,0.000004,0.711969,0.010632
180000.000000,111019.621118,105090.956270,0.000471,0.000066,0.003453,0.000578,0.000000,0.000000,0.000176,0.000004,0.714596,0.010632
180600.000000,111019.699521,105090.966242,0.000465,0.000065,0.003461,0.000579,0.000000,0.000000,0.000176,0.000004,0.714444,0.010632
181200.000000,111020.032366,105091.016173,0.000461,0.000064,0.003466,0.000579,0.000000,0.000000,0.000175,0.000004,0.715404,0.010632
181800.000000,111020.008404,105091.010593,0.000457,0.000064,0.003472,0.000580,0.000000,0.000000,0.000175,0.000004,0.714999,0.010632
182400.000000,111019.951611,105090.995765,0.000453,0.000063,0.003478,0.000580,0.000000,0.000000,0.000174,0.000004,0.716044,0.010633
183000.000000,111019.538957,105090.933108,0.000447,0.000063,0.003486,0.000580,0.000000,0.000000,0.000174,0.000004,0.715952,0.010633
183600.000000,111019.909170,105090.992927,0.000442,0.000062,0.003493,0.000581,0.000000,0.000000,0.000173,0.000004,0.716590,0.010633
184200.000000,111019.931372,105090.993190,0.000437,0.000061,0.003499,0.000581,0.000000,0.000000,0.000173,0.000004,0.717029,0.010633
184800.000000,111019.226569,105090.880885,0.000431,0.000060,0.003509,0.000581,0.000000,0.000000,0.000172,0.000004,0.711982,0.010633
185400.000000,111019.739806,105090.965906,0.000427,0.000059,0.003515,0.000581,0.000000,0.000000,0.000171,0.000004,0.716103,0.010633
186000.000000,111019.935232,105091.001639,0.000422,0.000059,0.003522,0.000581,0.000000,0.000000,0.000171,0.000004,0.715431,0.010634
186600.000000,111019.830374,105090.985540,0.000415,0.000058,0.003531,0.000581,0.000000,0.000000,0.000170,0.000004,0.714273,0.010634
187200.000000,111019.816710,105090.984077,0.000408,0.000057,0.003540,0.000581,0.000000,0.000000,0.000170,0.000004,0.710972,0.010634
187800.000000,111019.784351,105090.978026,0.000403,0.000056,0.003548,0.000581,0.000000,0.000000,0.000169,0.000004,0.716326,0.010634
188400.000000,111020.027475,105091.018407,0.000399,0.000056,0.003553,0.000581,0.000000,0.000000,0.000169,0.000004,0.713980,0.010634
189000.000000,111019.773967,105090.977274,0.000395,0.000055,0.003558,0.000582,0.000000,0.000000,0.000168,0.000004,0.710833,0.010634
189600.000000,111019.989933,105091.012350,0.000391,0.000054,0.003564,0.000582,0.000000,0.000000,0.000168,0.000004,0.716390,0.010635
190200.000000,111019.784130,105090.978572,0.000386,0.000054,0.003571,0.000582,0.000000,0.000000,0.000167,0.000004,0.714680,0.010635
190800.000000,111020.023248,105091.017243,0.000381,0.000053,0.003578,0.000582,0.000000,0.000000,0.000167,0.000004,0.716095,0.010635
191400.000000,111020.044960,105091.023932,0.000377,0.000053,0.003584,0.000582,0.000000,0.000000,0.000167,0.000004,0.721485,0.010635
192000.000000,111019.720930,105090.968503,0.000373,0.000052,0.003589,0.000582,0.000000,0.000000,0.000166,0.000004,0.726279,0.010635
192600.000000,111020.081560,105091.025154,0.000369,0.000052,0.003595,0.000583,0.000000,0.000000,0.000166,0.000004,0.724928,0.010635
193200.000000,111019.499629,105090.930052,0.000363,0.000052,0.003603,0.000582,0.000000,0.000000,0.000165,0.000004,0.720558,0.010636
193800.000000,111019.820504,105090.973255,0.000358,0.000051,0.003609,0.000582,0.000000,0.000000,0.000165,0.000004,0.722795,0.010636
194400.000000,111019.868584,105090.977625,0.000352,0.000050,0.003618,0.000582,0.000000,0.000000,0.000164,0.000004,0.722758,0.010636
195000.000000,111020.005172,105090.998719,0.000348,0.000049,0.003623,0.000582,0.000000,0.000000,0.000164,0.000004,0.725871,0.010636
195600.000000,111020.055178,105090.999896,0.000344,0.000049,0.003629,0.000582,0.000000,0.000000,0.000163,0.000004,0.728805,0.010636
196200.000000,111019.963705,105090.990547,0.000340,0.000048,0.003635,0.000582,0.000000,0.000000,0.000163,0.000004,0.728122,0.010636
196800.000000,111019.904124,105090.978490,0.000336,0.000048,0.003640,0.000582,0.000000,0.000000,0.000162,0.000004,0.727828,0.010636
197400.000000,111019.621179,105090.935863,0.000331,0.000047,0.003648,0.000582,0.000000,0.000000,0.000162,0.000004,0.722157,0.010636
198000.000000,111019.747898,105090.956065,0.000325,0.000046,0.003655,0.000581,0.000000,0.000000,0.000161,0.000004,0.721211,0.010636
198600.000000,111019.960591,105090.992889,0.000321,0.000046,0.003662,0.000581,0.000000,0.000000,0.000161,0.000004,0.722281,0.010637
199200.000000,111020.111182,105091.022158,0.000318,0.000045,0.003667,0.000581,0.000000,0.000000,0.000161,0.000004,0.726521,0.010637
199800.000000,111019.891157,105090.985812,0.000314,0.000044,0.003672,0.000581,0.000000,0.000000,0.000160,0.000004,0.730442,0.010637
200400.000000,111020.030543,105091.009586,0.000309,0.000044,0.003679,0.000581,0.000000,0.000000,0.000160,0.000004,0.729142,0.010637
201000.000000,111020.063637,105091.015753,0.000305,0.000043,0.003685,0.000580,0.000000,0.000000,0.000159,0.000004,0.728274,0.010637
201600.000000,111019.979158,105091.002979,0.000301,0.000043,0.003690,0.000580,0.000000,0.000000,0.000159,0.000004,0.731428,0.010637
202200.000000,111020.017459,105091.009510,0.000297,0.000042,0.003697,0.000580,0.000000,0.000000,0.000159,0.000004,0.727092,0.010637
202800.000000,111020.004332,105091.007929,0.000293,0.000042,0.003701,0.000580,0.000000,0.000000,0.000158,0.000004,0.726826,0.010637
203400.000000,111020.052610,105091.016205,0.000289,0.000041,0.003708,0.000580,0.000000,0.000000,0.000158,0.000004,0.729677,0.010638
204000.000000,111019.879839,105090.987793,0.000285,0.000041,0.003713,0.000580,0.000000,0.000000,0.000157,0.000004,0.732762,0.010638
204600.000000,111019.885501,105090.989458,0.000282,0.000040,0.003718,0.000580,0.000000,0.000000,0.000157,0.000004,0.734205,0.010638
205200.000000,111019.974364,105091.002528,0.000278,0.000040,0.003723,0.000579,0.000000,0.000000,0.000157,0.000004,0.735735,0.010638
205800.000000,111020.050902,105091.020655,0.000274,0.000039,0.003729,0.000579,0.000000,0.000000,0.000156,0.000004,0.737397,0.010638
206400.000000,111019.928413,105090.999534,0.000271,0.000039,0.003734,0.000579,0.000000,0.000000,0.000156,0.000004,0.741163,0.010638
207000.000000,111019.609381,105090.947969,0.000268,0.000038,0.003739,0.000579,0.000000,0.000000,0.000156,0.000004,0.740777,0.010638
207600.000000,111019.690531,105090.964486,0.000264,0.000038,0.003745,0.000579,0.000000,0.000000,0.000155,0.000004,0.740962,0.010638
208200.000000,111019.664036,105090.956958,0.000260,0.000037,0.003750,0.000578,0.000000,0.000000,0.000155,0.000004,0.742637,0.010638
208800.000000,111019.959999,105091.009392,0.000257,0.000037,0.003755,0.000578,0.000000,0.000000,0.000155,0.000004,0.745753,0.010639
209400.000000,111019.843888,105090.998413,0.000254,0.000036,0.003760,0.000578,0.000000,0.000000,0.000154,0.000004,0.749244,0.010639
210000.000000,111019.932547,105091.001538,0.000250,0.000036,0.003765,0.000578,0.000000,0.000000,0.000154,0.000004,0.749559,0.010639
210600.000000,111018.377548,105090.764238,0.000247,0.000035,0.003770,0.000577,0.000000,0.000000,0.000153,0.000004,0.751435,0.010639
211200.000000,111020.048197,105091.024555,0.000243,0.000034,0.003776,0.000577,0.000000,0.000000,0.000153,0.000004,0.749196,0.010639
211800.000000,111019.865188,105090.990486,0.000240,0.000034,0.003781,0.000577,0.000000,0.000000,0.000153,0.000004,0.753299,0.010639
212400.000000,111019.932272,105090.997476,0.000237,0.000033,0.003785,0.000576,0.000000,0.000000,0.000152,0.000004,0.757389,0.010639
213000.000000,111019.861742,105090.979815,0.000235,0.000033,0.003789,0.000576,0.000000,0.000000,0.000152,0.000004,0.758305,0.010639
213600.000000,111019.780837,105090.964815,0.000232,0.000033,0.003794,0.000576,0.000000,0.000000,0.000152,0.000004,0.758573,0.010639
214200.000000,111015.839234,105090.308314,0.000228,0.000032,0.003798,0.000574,0.000000,0.000000,0.000151,0.000004,0.752916,0.010637
214800.000000,111019.517410,105090.938670,0.000221,0.000032,0.003797,0.000552,0.000000,0.000000,0.000146,0.000004,0.629001,0.010610
215400.000000,111019.785799,105090.975838,0.000217,0.000032,0.003804,0.000551,0.000000,0.000000,0.000146,0.000004,0.629409,0.010610
216000.000000,111019.811815,105090.982140,0.000213,0.000031,0.003809,0.000551,0.000000,0.000000,0.000146,0.000004,0.642184,0.010611
216600.000000,111019.990995,105091.012444,0.000210,0.000031,0.003814,0.000551,0.000000,0.000000,0.000145,0.000004,0.655847,0.010611
217200.000000,111019.817421,105090.959990,0.000208,0.000030,0.003818,0.000551,0.000000,0.000000,0.000145,0.000004,0.669971,0.010611
217800.000000,111019.458975,105090.908828,0.000205,0.000030,0.003822,0.000551,0.000000,0.000000,0.000145,0.000004,0.681217,0.010611
218400.000000,111019.880856,105090.979638,0.000199,0.000029,0.003832,0.000550,0.000000,0.000000,0.000144,0.000004,0.686036,0.010611
219000.000000,111018.997817,105090.835098,0.000194,0.000029,0.003838,0.000550,0.000000,0.000000,0.000144,0.000004,0.692669,0.010611
219600.000000,111019.704667,105090.948943,0.000191,0.000028,0.003843,0.000549,0.000000,0.000000,0.000144,0.000004,0.700298,0.010611
220200.000000,111019.751546,105090.955338,0.000188,0.000027,0.003848,0.000549,0.000000,0.000000,0.000144,0.000004,0.704800,0.010611
220800.000000,111019.696217,105090.933161,0.000183,0.000027,0.003855,0.000549,0.000000,0.000000,0.000143,0.000004,0.708844,0.010612
221400.000000,111019.955781,105090.973496,0.000180,0.000027,0.003860,0.000548,0.000000,0.000000,0.000143,0.000004,0.715333,0.010612
222000.000000,111019.792197,105090.936112,0.000177,0.000026,0.003864,0.000548,0.000000,0.000000,0.000143,0.000004,0.717989,0.010612
222600.000000,111019.848936,105090.933090,0.000174,0.000026,0.003869,0.000548,0.000000,0.000000,0.000142,0.000004,0.720024,0.010612
223200.000000,111019.475689,105090.844227,0.000171,0.000025,0.003874,0.000548,0.000000,0.000000,0.000142,0.000004,0.721681,0.010612
223800.000000,111019.860639,105090.891099,0.000168,0.000025,0.003879,0.000547,0.000000,0.000000,0.000142,0.000004,0.722676,0.010612
224400.000000,111019.973909,105090.911387,0.000166,0.000025,0.003883,0.000547,0.000000,0.000000,0.000142,0.000004,0.725837,0.010612
225000.000000,111019.896767,105090.883003,0.000163,0.000024,0.003886,0.000547,0.000000,0.000000,0.000141,0.000004,0.729649,0.010612
225600.000000,111019.939068,105090.874377,0.000161,0.000024,0.003891,0.000547,0.000000,0.000000,0.000141,0.000004,0.731378,0.010612
226200.000000,111020.017747,105090.891142,0.000159,0.000024,0.003894,0.000546,0.000000,0.000000,0.000141,0.000004,0.734169,0.010612
226800.000000,111019.922075,105090.861357,0.000156,0.000023,0.003898,0.000546,0.000000,0.000000,0.000141,0.000004,0.737663,0.010613
227400.000000,111019.984916,105090.862315,0.000154,0.000023,0.003902,0.000546,0.000000,0.000000,0.000141,0.000004,0.740777,0.010613
228000.000000,111019.984887,105090.846414,0.000152,0.000022,0.003906,0.000546,0.000000,0.000000,0.000140,0.000004,0.742789,0.010613
228600.000000,111019.980783,105090.819813,0.000149,0.000022,0.003910,0.000546,0.000000,0.000000,0.000140,0.000004,0.743290,0.010613
229200.000000,111019.749422,105090.719188,0.000147,0.000021,0.003914,0.000545,0.000000,0.000000,0.000140,0.000004,0.744236,0.010613
229800.000000,111019.964627,105090.783389,0.000144,0.000021,0.003919,0.000545,0.000000,0.000000,0.000140,0.000004,0.744793,0.010613
230400.000000,111019.811851,105090.707681,0.000142,0.000021,0.003923,0.000545,0.000000,0.000000,0.000139,0.000004,0.746146,0.010613
231000.000000,111019.971774,105090.745379,0.000139,0.000020,0.003926,0.000544,0.000000,0.000000,0.000139,0.000004,0.747158,0.010613
231600.000000,111020.043383,105090.765355,0.000137,0.000020,0.003930,0.000544,0.000000,0.000000,0.000139,0.000004,0.748071,0.010613
232200.000000,111019.986808,105090.738168,0.000135,0.000020,0.003933,0.000544,0.000000,0.000000,0.000139,0.000004,0.748989,0.010613
232800.000000,111020.025971,105090.737116,0.000133,0.000020,0.003936,0.000544,0.000000,0.000000,0.000139,0.000004,0.749656,0.010613
233400.000000,111019.952499,105090.679496,0.000131,0.000019,0.003940,0.000544,0.000000,0.000000,0.000138,0.000004,0.749427,0.010613
234000.000000,111019.852419,105090.641432,0.000128,0.000019,0.003945,0.000543,0.000000,0.000000,0.000138,0.000004,0.748151,0.010613
234600.000000,111019.837418,105090.606484,0.000125,0.000018,0.003950,0.000543,0.000000,0.000000,0.000138,0.000004,0.748171,0.010613
235200.000000,111019.973907,105090.650091,0.000122,0.000018,0.003954,0.000542,0.000000,0.000000,0.000138,0.000004,0.747578,0.010613
235800.000000,111019.886871,105090.604967,0.000119,0.000018,0.003959,0.000542,0.000000,0.000000,0.000137,0.000004,0.748648,0.010613
236400.000000,111019.775056,105090.540310,0.000117,0.000017,0.003963,0.000542,0.000000,0.000000,0.000137,0.000004,0.749799,0.010613
237000.000000,111019.831651,105090.565291,0.000114,0.000017,0.003967,0.000541,0.000000,0.000000,0.000137,0.000004,0.752183,0.010613
237600.000000,111020.012023,105090.630098,0.000112,0.000016,0.003971,0.000541,0.000000,0.000000,0.000137,0.000004,0.754117,0.010613
238200.000000,111019.775749,105090.526418,0.000110,0.000016,0.003974,0.000541,0.000000,0.000000,0.000137,0.000004,0.754161,0.010614
238800.000000,111020.061299,105090.635098,0.000108,0.000016,0.003978,0.000540,0.000000,0.000000,0.000136,0.000004,0.755417,0.010614
239400.000000,111019.974723,105090.601293,0.000106,0.000016,0.003981,0.000540,0.000000,0.000000,0.000136,0.000004,0.757249,0.010614
240000.000000,111019.879840,105090.536076,0.000104,0.000015,0.003985,0.000540,0.000000,0.000000,0.000136,0.000004,0.755498,0.010614
240600.000000,111020.050133,105090.621482,0.000102,0.000015,0.003988,0.000540,0.000000,0.000000,0.000136,0.000004,0.757098,0.010614
241200.000000,111019.873950,105090.542088,0.000100,0.000015,0.003992,0.000539,0.000000,0.000000,0.000136,0.000004,0.759034,0.010614
241800.000000,111019.752540,105090.471203,0.000096,0.000015,0.003997,0.000539,0.000000,0.000000,0.000135,0.000004,0.758302,0.010614
242400.000000,111019.982250,105090.562956,0.000094,0.000014,0.004001,0.000538,0.000000,0.000000,0.000135,0.000004,0.757624,0.010614
243000.000000,111019.951979,105090.534389,0.000092,0.000014,0.004004,0.000538,0.000000,0.000000,0.000135,0.000004,0.756878,0.010614
243600.000000,111019.869666,105090.486319,0.000090,0.000014,0.004008,0.000537,0.000000,0.000000,0.000135,0.000004,0.756522,0.010614
244200.000000,111019.992522,105090.566000,0.000088,0.000013,0.004012,0.000537,0.000000,0.000000,0.000135,0.000004,0.756655,0.010614
244800.000000,111020.018326,105090.579630,0.000086,0.000013,0.004015,0.000537,0.000000,0.000000,0.000134,0.000004,0.756729,0.010614
245400.000000,111019.983126,105090.555478,0.000084,0.000013,0.004019,0.000536,0.000000,0.000000,0.000134,0.000004,0.757052,0.010614
246000.000000,111020.048895,105090.601116,0.000081,0.000013,0.004023,0.000536,0.000000,0.000000,0.000134,0.000004,0.757092,0.010614
246600.000000,111020.062771,105090.603315,0.000079,0.000013,0.004026,0.000535,0.000000,0.000000,0.000134,0.000004,0.756954,0.010614
247200.000000,111020.116970,105090.619477,0.000077,0.000013,0.004030,0.000535,0.000000,0.000000,0.000134,0.000004,0.757057,0.010614
247800.000000,111020.117670,105090.633348,0.000075,0.000013,0.004033,0.000534,0.000000,0.000000,0.000134,0.000004,0.757115,0.010614
248400.000000,111020.142644,105090.647695,0.000073,0.000012,0.004036,0.000534,0.000000,0.000000,0.000133,0.000004,0.757067,0.010615
249000.000000,111020.141238,105090.650174,0.000071,0.000012,0.004040,0.000533,0.000000,0.000000,0.000133,0.000004,0.756992,0.010615
249600.000000,111020.106310,105090.628852,0.000070,0.000012,0.004043,0.000533,0.000000,0.000000,0.000133,0.000004,0.756767,0.010615
250200.000000,111020.111965,105090.640075,0.000067,0.000012,0.004046,0.000532,0.000000,0.000000,0.000133,0.000004,0.756539,0.010615
250800.000000,111020.097418,105090.632440,0.000065,0.000011,0.004050,0.000532,0.000000,0.000000,0.000133,0.000004,0.756393,0.010615
251400.000000,111020.210951,105090.692680,0.000064,0.000011,0.004053,0.000531,0.000000,0.000000,0.000133,0.000004,0.756143,0.010615
252000.000000,111020.202332,105090.685971,0.000062,0.000011,0.004056,0.000531,0.000000,0.000000,0.000133,0.000004,0.755755,0.010615
252600.000000,111020.203399,105090.684459,0.000060,0.000011,0.004059,0.000530,0.000000,0.000000,0.000132,0.000004,0.755512,0.010615
253200.000000,111020.221752,105090.697595,0.000059,0.000011,0.004063,0.000529,0.000000,0.000000,0.000132,0.000004,0.755348,0.010615
253800.000000,111020.229695,105090.704280,0.000057,0.000010,0.004066,0.000529,0.000000,0.000000,0.000132,0.000004,0.755401,0.010615
254400.000000,111020.215608,105090.695504,0.000055,0.000010,0.004069,0.000528,0.000000,0.000000,0.000132,0.000004,0.755527,0.010615
255000.000000,111020.210552,105090.695934,0.000053,0.000010,0.004072,0.000528,0.000000,0.000000,0.000132,0.000004,0.755521,0.010615
255600.000000,111020.195187,105090.686570,0.000051,0.000010,0.004075,0.000527,0.000000,0.000000,0.000132,0.000004,0.755539,0.010615
256200.000000,111020.189482,105090.681535,0.000050,0.000010,0.004079,0.000526,0.000000,0.000000,0.000132,0.000004,0.755748,0.010615
256800.000000,111020.204857,105090.692111,0.000048,0.000009,0.004082,0.000526,0.000000,0.000000,0.000131,0.000004,0.755695,0.010615
257400.000000,111020.251475,105090.717612,0.000046,0.000009,0.004085,0.000525,0.000000,0.000000,0.000131,0.000004,0.755620,0.010615
258000.000000,111020.274886,105090.726976,0.000045,0.000009,0.004088,0.000524,0.000000,0.000000,0.000131,0.000004,0.755370,0.010615
258600.000000,111020.272698,105090.724137,0.000043,0.000008,0.004091,0.000524,0.000000,0.000000,0.000131,0.000004,0.755173,0.010615
259200.000000,111020.323240,105090.747945,0.000042,0.000008,0.004094,0.000523,0.000000,0.000000,0.000131,0.000004,0.755033,0.010615
259800.000000,111020.321640,105090.745698,0.000041,0.000008,0.004096,0.000522,0.000000,0.000000,0.000131,0.000004,0.755007,0.010615
260400.000000,111020.328634,105090.753833,0.000040,0.000008,0.004099,0.000522,0.000000,0.000000,0.000131,0.000004,0.754947,0.010615
261000.000000,111020.317732,105090.747452,0.000038,0.000008,0.004101,0.000521,0.000000,0.000000,0.000131,0.000004,0.754964,0.010615
261600.000000,111020.307308,105090.742304,0.000037,0.000007,0.004104,0.000521,0.000000,0.000000,0.000130,0.000004,0.755193,0.010615
262200.000000,111020.356218,105090.772529,0.000035,0.000007,0.004106,0.000520,0.000000,0.000000,0.000130,0.000004,0.755340,0.010615
262800.000000,111020.343084,105090.764242,0.000034,0.000007,0.004108,0.000520,0.000000,0.000000,0.000130,0.000004,0.755211,0.010615
263400.000000,111020.333174,105090.758855,0.000033,0.000007,0.004111,0.000519,0.000000,0.000000,0.000130,0.000004,0.754953,0.010615
264000.000000,111020.365005,105090.785388,0.000032,0.000007,0.004113,0.000518,0.000000,0.000000,0.000130,0.000004,0.754634,0.010615
264600.000000,111020.370463,105090.785247,0.000030,0.000007,0.004115,0.000518,0.000000,0.000000,0.000130,0.000004,0.754047,0.010615
265200.000000,111020.363384,105090.784052,0.000029,0.000007,0.004117,0.000517,0.000000,0.000000,0.000130,0.000004,0.753245,0.010615
265800.000000,111020.373182,105090.788114,0.000027,0.000006,0.004120,0.000517,0.000000,0.000000,0.000130,0.000004,0.752391,0.010615
266400.000000,111020.354223,105090.777901,0.000026,0.000006,0.004122,0.000516,0.000000,0.000000,0.000130,0.000004,0.751174,0.010615
267000.000000,111020.363267,105090.782292,0.000025,0.000006,0.004124,0.000515,0.000000,0.000000,0.000130,0.000004,0.750024,0.010615
267600.000000,111020.343366,105090.771677,0.000023,0.000006,0.004126,0.000515,0.000000,0.000000,0.000129,0.000004,0.749029,0.010615
268200.000000,111020.340561,105090.773568,0.000022,0.000005,0.004129,0.000514,0.000000,0.000000,0.000129,0.000004,0.748120,0.010615
268800.000000,111020.452813,105090.835071,0.000021,0.000005,0.004131,0.000513,0.000000,0.000000,0.000129,0.000004,0.746769,0.010615
269400.000000,111020.448779,105090.832911,0.000020,0.000005,0.004132,0.000513,0.000000,0.000000,0.000129,0.000004,0.745338,0.010615
270000.000000,111020.450635,105090.833944,0.000019,0.000005,0.004134,0.000512,0.000000,0.000000,0.000129,0.000004,0.743848,0.010615
270600.000000,111020.483051,105090.852120,0.000018,0.000005,0.004135,0.000512,0.000000,0.000000,0.000129,0.000004,0.742209,0.010615
271200.000000,111020.479254,105090.852207,0.000017,0.000005,0.004136,0.000512,0.000000,0.000000,0.000129,0.000004,0.740694,0.010615
271800.000000,111020.469440,105090.847084,0.000017,0.000004,0.004138,0.000511,0.000000,0.000000,0.000129,0.000004,0.739226,0.010615
272400.000000,111020.482433,105090.853569,0.000016,0.000004,0.004139,0.000511,0.000000,0.000000,0.000129,0.000004,0.737723,0.010615
273000.000000,111020.476836,105090.850494,0.000015,0.000004,0.004140,0.000510,0.000000,0.000000,0.000129,0.000004,0.736294,0.010615
273600.000000,111020.469332,105090.846416,0.000014,0.000004,0.004142,0.000510,0.000000,0.000000,0.000129,0.000004,0.734711,0.010615
274200.000000,111020.477131,105090.850616,0.000013,0.000004,0.004143,0.000509,0.000000,0.000000,0.000128,0.000004,0.733559,0.010615
274800.000000,111020.466033,105090.844639,0.000012,0.000004,0.004145,0.000509,0.000000,0.000000,0.000128,0.000004,0.732518,0.010615
275400.000000,111020.454200,105090.838222,0.000011,0.000004,0.004146,0.000508,0.000000,0.000000,0.000128,0.000004,0.731632,0.010615
276000.000000,111020.438406,105090.829788,0.000010,0.000004,0.004148,0.000508,0.000000,0.000000,0.000128,0.000004,0.730972,0.010615
276600.000000,111020.417736,105090.809893,0.000010,0.000003,0.004149,0.000507,0.000000,0.000000,0.000128,0.000004,0.730220,0.010615
277200.000000,111020.452172,105090.827839,0.000009,0.000003,0.004151,0.000507,0.000000,0.000000,0.000128,0.000004,0.729362,0.010615
277800.000000,111020.516578,105090.861565,0.000009,0.000002,0.004152,0.000507,0.000000,0.000000,0.000128,0.000004,0.728275,0.010615
278400.000000,111020.532301,105090.870380,0.000009,0.000002,0.004152,0.000506,0.000000,0.000000,0.000128,0.000004,0.726813,0.010615
279000.000000,111020.527306,105090.866614,0.000008,0.000002,0.004153,0.000506,0.000000,0.000000,0.000128,0.000004,0.725067,0.010615
279600.000000,111020.527024,105090.865410,0.000008,0.000002,0.004154,0.000506,0.000000,0.000000,0.000128,0.000004,0.723170,0.010615
280200.000000,111020.525305,105090.864750,0.000008,0.000002,0.004154,0.000505,0.000000,0.000000,0.000128,0.000004,0.721265,0.010615
280800.000000,111020.543096,105090.881700,0.000007,0.000002,0.004155,0.000505,0.000000,0.000000,0.000128,0.000004,0.719586,0.010615
281400.000000,111020.538611,105090.879373,0.000007,0.000002,0.004156,0.000505,0.000000,0.000000,0.000128,0.000004,0.717758,0.010615
282000.000000,111020.533239,105090.876702,0.000007,0.000002,0.004156,0.000505,0.000000,0.000000,0.000127,0.000004,0.715820,0.010615
282600.000000,111020.544347,105090.885632,0.000006,0.000002,0.004157,0.000504,0.000000,0.000000,0.000127,0.000004,0.713863,0.010615
283200.000000,111020.534009,105090.878921,0.000006,0.000002,0.004158,0.000504,0.000000,0.000000,0.000127,0.000004,0.711842,0.010615
283800.000000,111020.524745,105090.873732,0.000005,0.000002,0.004159,0.000504,0.000000,0.000000,0.000127,0.000004,0.710059,0.010615
284400.000000,111020.539407,105090.881507,0.000005,0.000002,0.004159,0.000503,0.000000,0.000000,0.000127,0.000004,0.708331,0.010615
285000.000000,111020.531342,105090.877022,0.000005,0.000002,0.004160,0.000503,0.000000,0.000000,0.000127,0.000004,0.706735,0.010615
285600.000000,111020.562818,105090.893413,0.000004,0.000001,0.004161,0.000503,0.000000,0.000000,0.000127,0.000004,0.705212,0.010615
286200.000000,111020.560217,105090.891836,0.000004,0.000001,0.004161,0.000503,0.000000,0.000000,0.000127,0.000004,0.703788,0.010615
286800.000000,111020.556912,105090.889883,0.000004,0.000001,0.004161,0.000503,0.000000,0.000000,0.000127,0.000004,0.702297,0.010615
287400.000000,111020.562941,105090.896891,0.000004,0.000001,0.004162,0.000502,0.000000,0.000000,0.000127,0.000004,0.701040,0.010615
288000.000000,111020.570921,105090.904630,0.000003,0.000001,0.004162,0.000502,0.000000,0.000000,0.000127,0.000004,0.700089,0.010615
288600.000000,111020.571474,105090.906285,0.000003,0.000001,0.004163,0.000502,0.000000,0.000000,0.000127,0.000004,0.699365,0.010615
289200.000000,111020.565270,105090.902919,0.000003,0.000001,0.004163,0.000502,0.000000,0.000000,0.000127,0.000004,0.698812,0.010615
289800.000000,111020.565406,105090.902864,0.000002,0.000001,0.004164,0.000502,0.000000,0.000000,0.000127,0.000004,0.698164,0.010615
290400.000000,111020.571698,105090.910307,0.000002,0.000001,0.004164,0.000502,0.000000,0.000000,0.000127,0.000004,0.697332,0.010615
291000.000000,111020.583667,105090.916704,0.000002,0.000001,0.004165,0.000501,0.000000,0.000000,0.000127,0.000004,0.696430,0.010615
291600.000000,111020.576814,105090.912979,0.000001,0.000001,0.004165,0.000501,0.000000,0.000000,0.000126,0.000004,0.695497,0.010615
292200.000000,111020.587627,105090.920265,0.000001,0.000001,0.004166,0.000501,0.000000,0.000000,0.000126,0.000004,0.694563,0.010615
292800.000000,111020.609770,105090.932053,0.000001,0.000001,0.004166,0.000501,0.000000,0.000000,0.000126,0.000004,0.693585,0.010615
293400.000000,111020.604868,105090.929368,0.000001,0.000000,0.004166,0.000501,0.000000,0.000000,0.000126,0.000004,0.692446,0.010615
294000.000000,111020.614262,105090.934187,0.000001,0.000000,0.004167,0.000501,0.000000,0.000000,0.000126,0.000004,0.691235,0.010615
294600.000000,111020.618078,105090.938310,0.000001,0.000000,0.004167,0.000501,0.000000,0.000000,0.000126,0.000004,0.689842,0.010615
295200.000000,111020.636852,105090.948083,0.000001,0.000000,0.004167,0.000501,0.000000,0.000000,0.000126,0.000004,0.688270,0.010615
295800.000000,111020.636840,105090.947884,0.000001,0.000000,0.004167,0.000501,0.000000,0.000000,0.000126,0.000004,0.686738,0.010615
296400.000000,111020.636561,105090.947661,0.000001,0.000000,0.004167,0.000500,0.000000,0.000000,0.000126,0.000004,0.685596,0.010615
297000.000000,111020.636078,105090.947330,0.000000,0.000000,0.004167,0.000500,0.000000,0.000000,0.000126,0.000004,0.684398,0.010615
297600.000000,111020.647336,105090.956682,0.000000,0.000000,0.004167,0.000500,0.000000,0.000000,0.000126,0.000004,0.683026,0.010615
298200.000000,111020.646789,105090.956331,0.000000,0.000000,0.004167,0.000500,0.000000,0.000000,0.000126,0.000004,0.681523,0.010615
298800.000000,111020.667289,105090.974894,0.000000,0.000000,0.004167,0.000500,0.000000,0.000000,0.000126,0.000004,0.680109,0.010615
299400.000000,111020.662963,105090.971403,0.000000,0.000000,0.004167,0.000500,0.000000,0.000000,0.000126,0.000004,0.678630,0.010615
300000.000000,111020.662640,105090.971373,0.000000,0.000000,0.004168,0.000500,0.000000,0.000000,0.000126,0.000004,0.677122,0.010615
300600.000000,111020.662236,105090.971271,0.000000,0.000000,0.004168,0.000500,0.000000,0.000000,0.000126,0.000004,0.675607,0.010615
301200.000000,111020.661803,105090.971146,0.000000,0.000000,0.004168,0.000500,0.000000,0.000000,0.000126,0.000004,0.674029,0.010615
301800.000000,111020.665236,105090.975240,0.000000,0.000000,0.004168,0.000501,0.000000,0.000000,0.000126,0.000004,0.672442,0.010615
302400.000000,111020.667249,105090.977335,0.000000,0.000000,0.004168,0.000501,0.000000,0.000000,0.000126,0.000004,0.670701,0.010615
303000.000000,111020.666611,105090.977040,0.000000,0.000000,0.004168,0.000501,0.000000,0.000000,0.000126,0.000004,0.669137,0.010615
303600.000000,111020.665738,105090.976479,0.000000,0.000000,0.004169,0.000501,0.000000,0.000000,0.000126,0.000004,0.667433,0.010615
304200.000000,111020.664933,105090.975978,0.000000,0.000000,0.004169,0.000501,0.000000,0.000000,0.000125,0.000004,0.665477,0.010615
304800.000000,111020.680240,105090.985711,0.000000,0.000000,0.004169,0.000501,0.000000,0.000000,0.000125,0.000004,0.663568,0.010615
305400.000000,111020.679420,105090.985027,0.000000,0.000000,0.004169,0.000501,0.000000,0.000000,0.000125,0.000004,0.661467,0.010615
306000.000000,111020.678705,105090.984436,0.000000,0.000000,0.004169,0.000501,0.000000,0.000000,0.000125,0.000004,0.659253,0.010615
306600.000000,111020.678077,105090.983922,0.000000,0.000000,0.004169,0.000501,0.000000,0.000000,0.000125,0.000004,0.656974,0.010615
307200.000000,111020.678103,105090.983984,0.000000,0.000000,0.004169,0.000501,0.000000,0.000000,0.000125,0.000004,0.654617,0.010615
307800.000000,111020.678052,105090.983977,0.000000,0.000000,0.004170,0.000502,0.000000,0.000000,0.000125,0.000004,0.652709,0.010615
308400.000000,111020.677990,105090.983961,0.000000,0.000000,0.004170,0.000502,0.000000,0.000000,0.000125,0.000004,0.650911,0.010615
309000.000000,111020.677916,105090.983932,0.000000,0.000000,0.004170,0.000502,0.000000,0.000000,0.000125,0.000004,0.649074,0.010615
309600.000000,111020.677828,105090.983891,0.000000,0.000000,0.004170,0.000502,0.000000,0.000000,0.000125,0.000004,0.647375,0.010615
310200.000000,111020.677733,105090.983843,0.000000,0.000000,0.004170,0.000502,0.000000,0.000000,0.000125,0.000004,0.645879,0.010615
310800.000000,111020.677359,105090.983424,0.000000,0.000000,0.004170,0.000502,0.000000,0.000000,0.000125,0.000004,0.644491,0.010615
311400.000000,111020.677333,105090.983435,0.000000,0.000000,0.004170,0.000503,0.000000,0.000000,0.000125,0.000004,0.643134,0.010615
312000.000000,111020.677289,105090.983430,0.000000,0.000000,0.004171,0.000503,0.000000,0.000000,0.000125,0.000004,0.641860,0.010615
312600.000000,111020.677224,105090.983407,0.000000,0.000000,0.004171,0.000503,0.000000,0.000000,0.000125,0.000004,0.640394,0.010615
313200.000000,111020.677137,105090.983365,0.000000,0.000000,0.004171,0.000503,0.000000,0.000000,0.000125,0.000004,0.638892,0.010615
313800.000000,111020.677026,105090.983302,0.000000,0.000000,0.004171,0.000503,0.000000,0.000000,0.000125,0.000004,0.637222,0.010615
314400.000000,111020.676887,105090.983216,0.000000,0.000000,0.004171,0.000504,0.000000,0.000000,0.000125,0.000004,0.635375,0.010615
315000.000000,111020.676617,105090.983018,0.000000,0.000000,0.004171,0.000504,0.000000,0.000000,0.000125,0.000004,0.633292,0.010615
315600.000000,111020.676270,105090.982755,0.000000,0.000000,0.004171,0.000504,0.000000,0.000000,0.000125,0.000004,0.631174,0.010615
316200.000000,111020.675856,105090.982435,0.000000,0.000000,0.004171,0.000504,0.000000,0.000000,0.000125,0.000004,0.629490,0.010615
316800.000000,111020.675379,105090.982064,0.000000,0.000000,0.004171,0.000505,0.000000,0.000000,0.000125,0.000004,0.628028,0.010615
317400.000000,111020.674858,105090.981660,0.000000,0.000000,0.004171,0.000505,0.000000,0.000000,0.000125,0.000004,0.626526,0.010615
318000.000000,111020.674266,105090.981197,0.000000,0.000000,0.004172,0.000505,0.000000,0.000000,0.000125,0.000004,0.625043,0.010615
318600.000000,111020.673590,105090.980664,0.000000,0.000000,0.004172,0.000506,0.000000,0.000000,0.000125,0.000004,0.623717,0.010615
319200.000000,111020.672825,105090.980057,0.000000,0.000000,0.004172,0.000506,0.000000,0.000000,0.000124,0.000004,0.622295,0.010615
319800.000000,111020.671972,105090.979376,0.000000,0.000000,0.004172,0.000506,0.000000,0.000000,0.000124,0.000004,0.621209,0.010615
320400.000000,111020.682924,105090.989366,0.000000,0.000000,0.004172,0.000507,0.000000,0.000000,0.000124,0.000004,0.620507,0.010615
321000.000000,111020.683204,105090.989708,0.000000,0.000000,0.004172,0.000507,0.000000,0.000000,0.000124,0.000004,0.619722,0.010615
321600.000000,111020.682366,105090.989046,0.000000,0.000000,0.004172,0.000507,0.000000,0.000000,0.000124,0.000004,0.618917,0.010615
322200.000000,111020.681459,105090.988325,0.000000,0.000000,0.004172,0.000508,0.000000,0.000000,0.000124,0.000004,0.617996,0.010615
322800.000000,111020.680656,105090.987699,0.000000,0.000000,0.004172,0.000508,0.000000,0.000000,0.000124,0.000004,0.617054,0.010615
323400.000000,111020.679744,105090.986978,0.000000,0.000000,0.004172,0.000508,0.000000,0.000000,0.000124,0.000004,0.616207,0.010615
324000.000000,111020.678809,105090.986237,0.000000,0.000000,0.004173,0.000509,0.000000,0.000000,0.000124,0.000004,0.615225,0.010615
324600.000000,111020.677861,105090.985485,0.000000,0.000000,0.004173,0.000509,0.000000,0.000000,0.000124,0.000004,0.614002,0.010615
325200.000000,111020.676912,105090.984732,0.000000,0.000000,0.004173,0.000509,0.000000,0.000000,0.000124,0.000004,0.612842,0.010615
325800.000000,111020.675964,105090.983978,0.000000,0.000000,0.004173,0.000510,0.000000,0.000000,0.000124,0.000004,0.611702,0.010615
326400.000000,111020.675016,105090.983224,0.000000,0.000000,0.004173,0.000510,0.000000,0.000000,0.000124,0.000004,0.610787,0.010615
327000.000000,111020.674074,105090.982474,0.000000,0.000000,0.004173,0.000511,0.000000,0.000000,0.000124,0.000004,0.609825,0.010615
327600.000000,111020.673376,105090.981928,0.000000,0.000000,0.004173,0.000511,0.000000,0.000000,0.000124,0.000004,0.608821,0.010615
328200.000000,111020.672848,105090.981522,0.000000,0.000000,0.004174,0.000512,0.000000,0.000000,0.000124,0.000004,0.607652,0.010615
328800.000000,111020.698868,105091.003695,0.000000,0.000000,0.004174,0.000512,0.000000,0.000000,0.000124,0.000004,0.606448,0.010615
329400.000000,111020.698146,105091.003111,0.000000,0.000000,0.004174,0.000512,0.000000,0.000000,0.000124,0.000004,0.605421,0.010615
330000.000000,111020.697424,105091.002529,0.000000,0.000000,0.004174,0.000513,0.000000,0.000000,0.000124,0.000004,0.604489,0.010615
330600.000000,111020.696704,105091.001949,0.000000,0.000000,0.004174,0.000513,0.000000,0.000000,0.000124,0.000004,0.603907,0.010615
331200.000000,111020.695988,105091.001372,0.000000,0.000000,0.004175,0.000514,0.000000,0.000000,0.000124,0.000004,0.603327,0.010615
331800.000000,111020.695276,105091.000800,0.000000,0.000000,0.004175,0.000514,0.000000,0.000000,0.000124,0.000004,0.602706,0.010615
332400.000000,111020.699166,105091.004159,0.000000,0.000000,0.004175,0.000515,0.000000,0.000000,0.000124,0.000004,0.602173,0.010615
333000.000000,111020.699640,105091.004599,0.000000,0.000000,0.004175,0.000515,0.000000,0.000000,0.000124,0.000004,0.601621,0.010615
333600.000000,111020.699655,105091.004647,0.000000,0.000000,0.004176,0.000516,0.000000,0.000000,0.000124,0.000004,0.601190,0.010615
334200.000000,111020.699663,105091.004689,0.000000,0.000000,0.004176,0.000516,0.000000,0.000000,0.000124,0.000004,0.600707,0.010615
334800.000000,111020.699665,105091.004727,0.000000,0.000000,0.004176,0.000516,0.000000,0.000000,0.000123,0.000004,0.600131,0.010615
335400.000000,111020.706019,105091.010308,0.000000,0.000000,0.004176,0.000517,0.000000,0.000000,0.000123,0.000004,0.599341,0.010615
336000.000000,111020.706685,105091.010920,0.000000,0.000000,0.004177,0.000517,0.000000,0.000000,0.000123,0.000004,0.598372,0.010615
336600.000000,111020.706698,105091.010963,0.000000,0.000000,0.004177,0.000518,0.000000,0.000000,0.000123,0.000004,0.597440,0.010615
337200.000000,111020.706704,105091.011001,0.000000,0.000000,0.004177,0.000518,0.000000,0.000000,0.000123,0.000004,0.596661,0.010615
337800.000000,111020.706703,105091.011033,0.000000,0.000000,0.004178,0.000519,0.000000,0.000000,0.000123,0.000004,0.595782,0.010615
338400.000000,111020.706697,105091.011061,0.000000,0.000000,0.004178,0.000520,0.000000,0.000000,0.000123,0.000004,0.594833,0.010615
339000.000000,111020.706688,105091.011087,0.000000,0.000000,0.004178,0.000520,0.000000,0.000000,0.000123,0.000004,0.593773,0.010615
339600.000000,111020.706676,105091.011109,0.000000,0.000000,0.004179,0.000521,0.000000,0.000000,0.000123,0.000004,0.592722,0.010615
340200.000000,111020.713254,105091.016977,0.000000,0.000000,0.004179,0.000521,0.000000,0.000000,0.000123,0.000004,0.591581,0.010615
340800.000000,111020.713260,105091.017011,0.000000,0.000000,0.004180,0.000522,0.000000,0.000000,0.000123,0.000004,0.590489,0.010615
341400.000000,111020.713878,105091.017589,0.000000,0.000000,0.004180,0.000522,0.000000,0.000000,0.000123,0.000004,0.589340,0.010615
342000.000000,111020.713826,105091.017574,0.000000,0.000000,0.004180,0.000523,0.000000,0.000000,0.000123,0.000004,0.588122,0.010615
342600.000000,111020.721122,105091.023881,0.000000,0.000000,0.004181,0.000523,0.000000,0.000000,0.000123,0.000004,0.586862,0.010615
343200.000000,111020.721957,105091.024626,0.000000,0.000000,0.004181,0.000524,0.000000,0.000000,0.000123,0.000004,0.585611,0.010615
343800.000000,111020.722022,105091.024708,0.000000,0.000000,0.004182,0.000524,0.000000,0.000000,0.000123,0.000004,0.584462,0.010615
344400.000000,111020.722087,105091.024790,0.000000,0.000000,0.004182,0.000525,0.000000,0.000000,0.000123,0.000004,0.583311,0.010615
345000.000000,111020.722151,105091.024871,0.000000,0.000000,0.004182,0.000526,0.000000,0.000000,0.000123,0.000004,0.582087,0.010615
345600.000000,111020.722214,105091.024952,0.000000,0.000000,0.004183,0.000526,0.000000,0.000000,0.000123,0.000004,0.580798,0.010615
346200.000000,111020.722276,105091.025033,0.000000,0.000000,0.004183,0.000527,0.000000,0.000000,0.000123,0.000004,0.579372,0.010615
346800.000000,111020.722338,105091.025114,0.000000,0.000000,0.004184,0.000527,0.000000,0.000000,0.000123,0.000004,0.577837,0.010615
347400.000000,111020.722399,105091.025194,0.000000,0.000000,0.004184,0.000528,0.000000,0.000000,0.000123,0.000004,0.576264,0.010615
348000.000000,111020.722459,105091.025274,0.000000,0.000000,0.004185,0.000528,0.000000,0.000000,0.000123,0.000004,0.574599,0.010615
348600.000000,111020.722519,105091.025354,0.000000,0.000000,0.004185,0.000529,0.000000,0.000000,0.000123,0.000004,0.572879,0.010615
349200.000000,111020.722578,105091.025434,0.000000,0.000000,0.004186,0.000530,0.000000,0.000000,0.000123,0.000004,0.571385,0.010615
349800.000000,111020.722637,105091.025513,0.000000,0.000000,0.004186,0.000530,0.000000,0.000000,0.000123,0.000004,0.569958,0.010615
350400.000000,111020.722695,105091.025592,0.000000,0.000000,0.004187,0.000531,0.000000,0.000000,0.000123,0.000004,0.568794,0.010615
351000.000000,111020.722752,105091.025670,0.000000,0.000000,0.004187,0.000531,0.000000,0.000000,0.000123,0.000004,0.567868,0.010615
351600.000000,111020.722809,105091.025749,0.000000,0.000000,0.004188,0.000532,0.000000,0.000000,0.000123,0.000004,0.566933,0.010615
352200.000000,111020.722866,105091.025827,0.000000,0.000000,0.004188,0.000533,0.000000,0.000000,0.000123,0.000004,0.566191,0.010615
352800.000000,111020.722922,105091.025905,0.000000,0.000000,0.004189,0.000533,0.000000,0.000000,0.000123,0.000004,0.565452,0.010615
353400.000000,111020.722977,105091.025983,0.000000,0.000000,0.004189,0.000534,0.000000,0.000000,0.000123,0.000004,0.564542,0.010615
354000.000000,111020.723032,105091.026061,0.000000,0.000000,0.004190,0.000535,0.000000,0.000000,0.000122,0.000004,0.563578,0.010615
354600.000000,111020.723087,105091.026138,0.000000,0.000000,0.004190,0.000535,0.000000,0.000000,0.000122,0.000004,0.562486,0.010615
355200.000000,111020.723142,105091.026215,0.000000,0.000000,0.004191,0.000536,0.000000,0.000000,0.000122,0.000004,0.561387,0.010615
355800.000000,111020.723196,105091.026292,0.000000,0.000000,0.004191,0.000536,0.000000,0.000000,0.000122,0.000004,0.560102,0.010615
356400.000000,111020.723250,105091.026369,0.000000,0.000000,0.004192,0.000537,0.000000,0.000000,0.000122,0.000004,0.558676,0.010615
357000.000000,111020.723304,105091.026446,0.000000,0.000000,0.004192,0.000538,0.000000,0.000000,0.000122,0.000004,0.557201,0.010615
357600.000000,111020.723357,105091.026522,0.000000,0.000000,0.004193,0.000538,0.000000,0.000000,0.000122,0.000004,0.555755,0.010615
358200.000000,111020.723411,105091.026599,0.000000,0.000000,0.004193,0.000539,0.000000,0.000000,0.000122,0.000004,0.554426,0.010615
358800.000000,111020.723464,105091.026675,0.000000,0.000000,0.004194,0.000540,0.000000,0.000000,0.000122,0.000004,0.553049,0.010615
359400.000000,111020.723517,105091.026751,0.000000,0.000000,0.004194,0.000540,0.000000,0.000000,0.000122,0.000004,0.551694,0.010615
360000.000000,111020.723570,105091.026827,0.000000,0.000000,0.004195,0.000541,0.000000,0.000000,0.000122,0.000004,0.550338,0.010615
360600.000000,111020.723623,105091.026902,0.000000,0.000000,0.004196,0.000542,0.000000,0.000000,0.000122,0.000004,0.548981,0.010615
361200.000000,111020.723676,105091.026978,0.000000,0.000000,0.004196,0.000542,0.000000,0.000000,0.000122,0.000004,0.547855,0.010615
361800.000000,111020.723729,105091.027053,0.000000,0.000000,0.004197,0.000543,0.000000,0.000000,0.000122,0.000004,0.546821,0.010615
362400.000000,111020.723781,105091.027128,0.000000,0.000000,0.004197,0.000544,0.000000,0.000000,0.000122,0.000004,0.545778,0.010615
363000.000000,111020.723834,105091.027203,0.000000,0.000000,0.004198,0.000544,0.000000,0.000000,0.000122,0.000004,0.544835,0.010615
363600.000000,111020.723886,105091.027278,0.000000,0.000000,0.004198,0.000545,0.000000,0.000000,0.000122,0.000004,0.543869,0.010615
364200.000000,111020.723939,105091.027353,0.000000,0.000000,0.004199,0.000546,0.000000,0.000000,0.000122,0.000004,0.542931,0.010615
364800.000000,111020.723991,105091.027428,0.000000,0.000000,0.004199,0.000547,0.000000,0.000000,0.000122,0.000004,0.541953,0.010615
365400.000000,111020.724043,105091.027502,0.000000,0.000000,0.004200,0.000547,0.000000,0.000000,0.000122,0.000004,0.540854,0.010615
366000.000000,111020.724096,105091.027576,0.000000,0.000000,0.004201,0.000548,0.000000,0.000000,0.000122,0.000004,0.539613,0.010615
366600.000000,111020.724148,105091.027651,0.000000,0.000000,0.004201,0.000549,0.000000,0.000000,0.000122,0.000004,0.538304,0.010615
367200.000000,111020.724200,105091.027725,0.000000,0.000000,0.004202,0.000549,0.000000,0.000000,0.000122,0.000004,0.536996,0.010615
367800.000000,111020.724252,105091.027799,0.000000,0.000000,0.004202,0.000550,0.000000,0.000000,0.000122,0.000004,0.535699,0.010615
368400.000000,111020.724303,105091.027872,0.000000,0.000000,0.004203,0.000551,0.000000,0.000000,0.000122,0.000004,0.534597,0.010615
369000.000000,111020.724355,105091.027946,0.000000,0.000000,0.004203,0.000551,0.000000,0.000000,0.000122,0.000004,0.533582,0.010615
369600.000000,111020.724407,105091.028019,0.000000,0.000000,0.004204,0.000552,0.000000,0.000000,0.000122,0.000004,0.532493,0.010615
370200.000000,111020.724458,105091.028093,0.000000,0.000000,0.004204,0.000553,0.000000,0.000000,0.000122,0.000004,0.531287,0.010615
370800.000000,111020.724510,105091.028166,0.000000,0.000000,0.004205,0.000554,0.000000,0.000000,0.000122,0.000004,0.530229,0.010615
371400.000000,111020.724562,105091.028239,0.000000,0.000000,0.004206,0.000554,0.000000,0.000000,0.000122,0.000004,0.529152,0.010615
372000.000000,111020.724613,105091.028312,0.000000,0.000000,0.004206,0.000555,0.000000,0.000000,0.000122,0.000004,0.527943,0.010615
372600.000000,111020.724665,105091.028384,0.000000,0.000000,0.004207,0.000556,0.000000,0.000000,0.000122,0.000004,0.526672,0.010615
373200.000000,111020.724716,105091.028457,0.000000,0.000000,0.004207,0.000556,0.000000,0.000000,0.000122,0.000004,0.525455,0.010615
373800.000000,111020.724768,105091.028530,0.000000,0.000000,0.004208,0.000557,0.000000,0.000000,0.000122,0.000004,0.524176,0.010615
374400.000000,111020.724819,105091.028602,0.000000,0.000000,0.004208,0.000558,0.000000,0.000000,0.000122,0.000004,0.522811,0.010615
375000.000000,111020.724870,105091.028674,0.000000,0.000000,0.004209,0.000559,0.000000,0.000000,0.000122,0.000004,0.521512,0.010615
375600.000000,111020.724922,105091.028746,0.000000,0.000000,0.004209,0.000559,0.000000,0.000000,0.000121,0.000004,0.520334,0.010615
376200.000000,111020.724973,105091.028818,0.000000,0.000000,0.004210,0.000560,0.000000,0.000000,0.000121,0.000004,0.518988,0.010615
376800.000000,111020.725025,105091.028890,0.000000,0.000000,0.004210,0.000561,0.000000,0.000000,0.000121,0.000004,0.517576,0.010615
377400.000000,111020.725076,105091.028962,0.000000,0.000000,0.004211,0.000562,0.000000,0.000000,0.000121,0.000004,0.516099,0.010615
378000.000000,111020.725128,105091.029034,0.000000,0.000000,0.004211,0.000562,0.000000,0.000000,0.000121,0.000004,0.514514,0.010615
378600.000000,111020.725179,105091.029105,0.000000,0.000000,0.004212,0.000563,0.000000,0.000000,0.000121,0.000004,0.512843,0.010615
379200.000000,111020.725231,105091.029176,0.000000,0.000000,0.004212,0.000564,0.000000,0.000000,0.000121,0.000004,0.511326,0.010615
379800.000000,111020.725282,105091.029248,0.000000,0.000000,0.004213,0.000565,0.000000,0.000000,0.000121,0.000004,0.509908,0.010615
380400.000000,111020.725334,105091.029319,0.000000,0.000000,0.004213,0.000565,0.000000,0.000000,0.000121,0.000004,0.508604,0.010615
381000.000000,111020.725385,105091.029389,0.000000,0.000000,0.004214,0.000566,0.000000,0.000000,0.000121,0.000004,0.507250,0.010615
381600.000000,111020.725437,105091.029460,0.000000,0.000000,0.004214,0.000567,0.000000,0.000000,0.000121,0.000004,0.505837,0.010615
382200.000000,111020.725489,105091.029531,0.000000,0.000000,0.004215,0.000568,0.000000,0.000000,0.000121,0.000004,0.504287,0.010615
382800.000000,111020.725540,105091.029601,0.000000,0.000000,0.004215,0.000568,0.000000,0.000000,0.000121,0.000004,0.502732,0.010615
383400.000000,111020.725592,105091.029671,0.000000,0.000000,0.004216,0.000569,0.000000,0.000000,0.000121,0.000004,0.501130,0.010615
384000.000000,111020.725643,105091.029741,0.000000,0.000000,0.004216,0.000570,0.000000,0.000000,0.000121,0.000004,0.499523,0.010615
384600.000000,111020.725695,105091.029811,0.000000,0.000000,0.004216,0.000571,0.000000,0.000000,0.000121,0.000004,0.497961,0.010615
385200.000000,111020.725747,105091.029881,0.000000,0.000000,0.004217,0.000571,0.000000,0.000000,0.000121,0.000004,0.496337,0.010615
385800.000000,111020.725798,105091.029951,0.000000,0.000000,0.004217,0.000572,0.000000,0.000000,0.000121,0.000004,0.494647,0.010615
386400.000000,111020.725850,105091.030020,0.000000,0.000000,0.004218,0.000573,0.000000,0.000000,0.000121,0.000004,0.492950,0.010615
387000.000000,111020.725901,105091.030089,0.000000,0.000000,0.004218,0.000574,0.000000,0.000000,0.000121,0.000004,0.491205,0.010615
387600.000000,111020.725953,105091.030159,0.000000,0.000000,0.004218,0.000575,0.000000,0.000000,0.000121,0.000004,0.489459,0.010615
388200.000000,111020.726004,105091.030228,0.000000,0.000000,0.004219,0.000575,0.000000,0.000000,0.000121,0.000004,0.487736,0.010615
388800.000000,111020.726056,105091.030297,0.000000,0.000000,0.004219,0.000576,0.000000,0.000000,0.000121,0.000004,0.486093,0.010615
389400.000000,111020.726107,105091.030365,0.000000,0.000000,0.004219,0.000577,0.000000,0.000000,0.000121,0.000004,0.484432,0.010615
390000.000000,111020.726159,105091.030434,0.000000,0.000000,0.004220,0.000578,0.000000,0.000000,0.000121,0.000004,0.482929,0.010615
390600.000000,111020.726210,105091.030502,0.000000,0.000000,0.004220,0.000578,0.000000,0.000000,0.000121,0.000004,0.481415,0.010615
391200.000000,111020.726261,105091.030570,0.000000,0.000000,0.004220,0.000579,0.000000,0.000000,0.000121,0.000004,0.479800,0.010615
391800.000000,111020.726313,105091.030638,0.000000,0.000000,0.004221,0.000580,0.000000,0.000000,0.000121,0.000004,0.478244,0.010615
392400.000000,111020.726364,105091.030706,0.000000,0.000000,0.004221,0.000581,0.000000,0.000000,0.000121,0.000004,0.476610,0.010615
393000.000000,111020.726416,105091.030774,0.000000,0.000000,0.004221,0.000582,0.000000,0.000000,0.000121,0.000004,0.474910,0.010615
393600.000000,111020.726467,105091.030841,0.000000,0.000000,0.004222,0.000582,0.000000,0.000000,0.000121,0.000004,0.473109,0.010615
394200.000000,111020.726518,105091.030909,0.000000,0.000000,0.004222,0.000583,0.000000,0.000000,0.000121,0.000004,0.471239,0.010615
394800.000000,111020.726570,105091.030976,0.000000,0.000000,0.004222,0.000584,0.000000,0.000000,0.000121,0.000004,0.469361,0.010615
395400.000000,111020.726621,105091.031043,0.000000,0.000000,0.004222,0.000585,0.000000,0.000000,0.000121,0.000004,0.467580,0.010615
396000.000000,111020.726672,105091.031110,0.000000,0.000000,0.004223,0.000585,0.000000,0.000000,0.000121,0.000004,0.465823,0.010615
396600.000000,111020.726724,105091.031177,0.000000,0.000000,0.004223,0.000586,0.000000,0.000000,0.000121,0.000004,0.463996,0.010615
397200.000000,111020.726775,105091.031243,0.000000,0.000000,0.004223,0.000587,0.000000,0.000000,0.000121,0.000004,0.462084,0.010615
397800.000000,111020.726826,105091.031310,0.000000,0.000000,0.004224,0.000588,0.000000,0.000000,0.000121,0.000004,0.460103,0.010615
398400.000000,111020.726878,105091.031376,0.000000,0.000000,0.004224,0.000589,0.000000,0.000000,0.000121,0.000004,0.458174,0.010615
399000.000000,111020.726929,105091.031442,0.000000,0.000000,0.004224,0.000589,0.000000,0.000000,0.000120,0.000004,0.456264,0.010615
399600.000000,111020.726981,105091.031509,0.000000,0.000000,0.004224,0.000590,0.000000,0.000000,0.000120,0.000004,0.454262,0.010615
400200.000000,111020.727032,105091.031575,0.000000,0.000000,0.004225,0.000591,0.000000,0.000000,0.000120,0.000004,0.452201,0.010615
400800.000000,111020.727084,105091.031641,0.000000,0.000000,0.004225,0.000592,0.000000,0.000000,0.000120,0.000004,0.450041,0.010615
401400.000000,111020.727135,105091.031706,0.000000,0.000000,0.004225,0.000593,0.000000,0.000000,0.000120,0.000004,0.447792,0.010615
402000.000000,111020.727187,105091.031772,0.000000,0.000000,0.004225,0.000593,0.000000,0.000000,0.000120,0.000004,0.445485,0.010615
402600.000000,111020.727238,105091.031838,0.000000,0.000000,0.004226,0.000594,0.000000,0.000000,0.000120,0.000004,0.443280,0.010615
403200.000000,111020.727290,105091.031904,0.000000,0.000000,0.004226,0.000595,0.000000,0.000000,0.000120,0.000004,0.441032,0.010615
403800.000000,111020.727342,105091.031969,0.000000,0.000000,0.004226,0.000596,0.000000,0.000000,0.000120,0.000004,0.438785,0.010615
404400.000000,111020.727394,105091.032035,0.000000,0.000000,0.004226,0.000597,0.000000,0.000000,0.000120,0.000004,0.436684,0.010615
405000.000000,111020.727446,105091.032100,0.000000,0.000000,0.004227,0.000597,0.000000,0.000000,0.000120,0.000004,0.434560,0.010615
405600.000000,111020.727498,105091.032166,0.000000,0.000000,0.004227,0.000598,0.000000,0.000000,0.000120,0.000004,0.432491,0.010615
406200.000000,111020.727550,105091.032231,0.000000,0.000000,0.004227,0.000599,0.000000,0.000000,0.000120,0.000004,0.430486,0.010615
406800.000000,111020.727602,105091.032297,0.000000,0.000000,0.004227,0.000600,0.000000,0.000000,0.000120,0.000004,0.428529,0.010615
407400.000000,111020.727655,105091.032362,0.000000,0.000000,0.004228,0.000601,0.000000,0.000000,0.000120,0.000004,0.426550,0.010615
408000.000000,111020.727707,105091.032428,0.000000,0.000000,0.004228,0.000601,0.000000,0.000000,0.000120,0.000004,0.424536,0.010615
408600.000000,111020.727760,105091.032493,0.000000,0.000000,0.004228,0.000602,0.000000,0.000000,0.000120,0.000004,0.422545,0.010615
409200.000000,111020.727813,105091.032559,0.000000,0.000000,0.004229,0.000603,0.000000,0.000000,0.000120,0.000004,0.420661,0.010615
409800.000000,111020.727866,105091.032624,0.000000,0.000000,0.004229,0.000604,0.000000,0.000000,0.000120,0.000004,0.418720,0.010615
410400.000000,111020.727918,105091.032689,0.000000,0.000000,0.004229,0.000605,0.000000,0.000000,0.000120,0.000004,0.416754,0.010615
411000.000000,111020.727972,105091.032755,0.000000,0.000000,0.004230,0.000605,0.000000,0.000000,0.000120,0.000004,0.414801,0.010615
411600.000000,111020.728025,105091.032820,0.000000,0.000000,0.004230,0.000606,0.000000,0.000000,0.000120,0.000004,0.412857,0.010615
412200.000000,111020.728078,105091.032885,0.000000,0.000000,0.004230,0.000607,0.000000,0.000000,0.000120,0.000004,0.410948,0.010615
412800.000000,111020.728131,105091.032951,0.000000,0.000000,0.004230,0.000608,0.000000,0.000000,0.000120,0.000004,0.409056,0.010615
413400.000000,111020.728184,105091.033016,0.000000,0.000000,0.004231,0.000609,0.000000,0.000000,0.000120,0.000004,0.407135,0.010615
414000.000000,111020.728238,105091.033082,0.000000,0.000000,0.004231,0.000610,0.000000,0.000000,0.000120,0.000004,0.405185,0.010615
414600.000000,111020.728291,105091.033147,0.000000,0.000000,0.004231,0.000610,0.000000,0.000000,0.000120,0.000004,0.403222,0.010615
415200.000000,111020.728344,105091.033213,0.000000,0.000000,0.004232,0.000611,0.000000,0.000000,0.000120,0.000004,0.401192,0.010615
415800.000000,111020.728397,105091.033278,0.000000,0.000000,0.004232,0.000612,0.000000,0.000000,0.000120,0.000004,0.399141,0.010615
416400.000000,111020.728451,105091.033344,0.000000,0.000000,0.004232,0.000613,0.000000,0.000000,0.000120,0.000004,0.397053,0.010615
417000.000000,111020.728504,105091.033409,0.000000,0.000000,0.004233,0.000614,0.000000,0.000000,0.000120,0.000004,0.394969,0.010615
417600.000000,111020.728557,105091.033475,0.000000,0.000000,0.004233,0.000614,0.000000,0.000000,0.000120,0.000004,0.392888,0.010615
418200.000000,111020.728610,105091.033541,0.000000,0.000000,0.004233,0.000615,0.000000,0.000000,0.000120,0.000004,0.390782,0.010615
418800.000000,111020.728663,105091.033606,0.000000,0.000000,0.004234,0.000616,0.000000,0.000000,0.000120,0.000004,0.388698,0.010615
419400.000000,111020.728716,105091.033672,0.000000,0.000000,0.004234,0.000617,0.000000,0.000000,0.000120,0.000004,0.386752,0.010615
420000.000000,111020.728769,105091.033738,0.000000,0.000000,0.004235,0.000618,0.000000,0.000000,0.000120,0.000004,0.384836,0.010615
420600.000000,111020.728821,105091.033804,0.000000,0.000000,0.004235,0.000619,0.000000,0.000000,0.000120,0.000004,0.382905,0.010615
421200.000000,111020.728874,105091.033870,0.000000,0.000000,0.004235,0.000619,0.000000,0.000000,0.000120,0.000004,0.380958,0.010615
421800.000000,111020.728926,105091.033935,0.000000,0.000000,0.004236,0.000620,0.000000,0.000000,0.000120,0.000004,0.379003,0.010615
422400.000000,111020.728979,105091.034001,0.000000,0.000000,0.004236,0.000621,0.000000,0.000000,0.000120,0.000004,0.377032,0.010615
423000.000000,111020.729031,105091.034067,0.000000,0.000000,0.004236,0.000622,0.000000,0.000000,0.000120,0.000004,0.375124,0.010615
423600.000000,111020.729083,105091.034133,0.000000,0.000000,0.004237,0.000623,0.000000,0.000000,0.000120,0.000004,0.373216,0.010615
424200.000000,111020.729135,105091.034200,0.000000,0.000000,0.004237,0.000623,0.000000,0.000000,0.000120,0.000004,0.371288,0.010615
424800.000000,111020.729186,105091.034266,0.000000,0.000000,0.004238,0.000624,0.000000,0.000000,0.000120,0.000004,0.369352,0.010615
425400.000000,111020.729238,105091.034332,0.000000,0.000000,0.004238,0.000625,0.000000,0.000000,0.000120,0.000004,0.367473,0.010615
426000.000000,111020.729289,105091.034398,0.000000,0.000000,0.004238,0.000626,0.000000,0.000000,0.000119,0.000004,0.365570,0.010615
426600.000000,111020.729341,105091.034465,0.000000,0.000000,0.004239,0.000627,0.000000,0.000000,0.000119,0.000004,0.363662,0.010615
427200.000000,111020.729392,105091.034531,0.000000,0.000000,0.004239,0.000628,0.000000,0.000000,0.000119,0.000004,0.361765,0.010615
427800.000000,111020.729443,105091.034598,0.000000,0.000000,0.004240,0.000628,0.000000,0.000000,0.000119,0.000004,0.359952,0.010615
428400.000000,111020.729493,105091.034664,0.000000,0.000000,0.004240,0.000629,0.000000,0.000000,0.000119,0.000004,0.358147,0.010615
429000.000000,111020.729544,105091.034731,0.000000,0.000000,0.004241,0.000630,0.000000,0.000000,0.000119,0.000004,0.356334,0.010615
429600.000000,111020.729595,105091.034798,0.000000,0.000000,0.004241,0.000631,0.000000,0.000000,0.000119,0.000004,0.354507,0.010615
430200.000000,111020.729645,105091.034865,0.000000,0.000000,0.004241,0.000632,0.000000,0.000000,0.000119,0.000004,0.352650,0.010615
430800.000000,111020.729695,105091.034932,0.000000,0.000000,0.004242,0.000632,0.000000,0.000000,0.000119,0.000004,0.350816,0.010615
431400.000000,111020.729745,105091.034999,0.000000,0.000000,0.004242,0.000633,0.000000,0.000000,0.000119,0.000004,0.348985,0.010615
432000.000000,111020.729795,105091.035066,0.000000,0.000000,0.004243,0.000634,0.000000,0.000000,0.000119,0.000004,0.347187,0.010615
